[Licensing::Module] Trying to connect to existing licensing client channel...
Built from '6000.2/staging' branch; Version is '6000.2.14f1 (589824c1fc31) revision 5806116'; Using compiler version '194234433'; Build Type 'Release'
OS: 'Windows 11  (10.0.26100) 64bit CoreSingleLanguage' Language: 'pt' Physical Memory: 16221 MB
[Licensing::IpcConnector] Successfully connected to: "LicenseClient-joahi" at "2025-12-15T15:46:01.5942649Z"
BatchMode: 1, IsHumanControllingUs: 0, StartBugReporterOnCrash: 0, Is64bit: 1
Date: 2025-12-15T15:46:01Z

COMMAND LINE ARGUMENTS:
C:\Program Files\Unity\Hub\Editor\6000.2.14f1\Editor\Unity.exe
-adb2
-batchMode
-noUpm
-name
AssetImportWorker1
-projectPath
C:/Users/joahi/Documents/Projetos/VR_LAICP/AR_Zillia
-logFile
Logs/AssetImportWorker1.log
-srvPort
64059
-licensingIpc
LicenseClient-joahi
-job-worker-count
5
-background-job-worker-count
8
-gc-helper-count
1
-name
AssetImport
Successfully changed project path to: C:/Users/joahi/Documents/Projetos/VR_LAICP/AR_Zillia
C:/Users/joahi/Documents/Projetos/VR_LAICP/AR_Zillia
[UnityMemory] Configuration Parameters - Can be set up in boot.config
    "memorysetup-allocator-temp-initial-block-size-main=262144"
    "memorysetup-allocator-temp-initial-block-size-worker=262144"
    "memorysetup-bucket-allocator-granularity=16"
    "memorysetup-bucket-allocator-bucket-count=8"
    "memorysetup-bucket-allocator-block-size=33554432"
    "memorysetup-bucket-allocator-block-count=8"
    "memorysetup-main-allocator-block-size=16777216"
    "memorysetup-thread-allocator-block-size=16777216"
    "memorysetup-gfx-main-allocator-block-size=16777216"
    "memorysetup-gfx-thread-allocator-block-size=16777216"
    "memorysetup-cache-allocator-block-size=4194304"
    "memorysetup-typetree-allocator-block-size=2097152"
    "memorysetup-profiler-bucket-allocator-granularity=16"
    "memorysetup-profiler-bucket-allocator-bucket-count=8"
    "memorysetup-profiler-bucket-allocator-block-size=33554432"
    "memorysetup-profiler-bucket-allocator-block-count=8"
    "memorysetup-profiler-allocator-block-size=16777216"
    "memorysetup-profiler-editor-allocator-block-size=1048576"
    "memorysetup-temp-allocator-size-main=16777216"
    "memorysetup-job-temp-allocator-block-size=2097152"
    "memorysetup-job-temp-allocator-block-size-background=1048576"
    "memorysetup-job-temp-allocator-reduction-small-platforms=262144"
    "memorysetup-temp-allocator-size-background-worker=32768"
    "memorysetup-temp-allocator-size-job-worker=262144"
    "memorysetup-temp-allocator-size-preload-manager=33554432"
    "memorysetup-temp-allocator-size-nav-mesh-worker=65536"
    "memorysetup-temp-allocator-size-audio-worker=65536"
    "memorysetup-temp-allocator-size-cloud-worker=32768"
    "memorysetup-temp-allocator-size-gi-baking-worker=262144"
    "memorysetup-temp-allocator-size-gi-baking-worker=262144"
    "memorysetup-temp-allocator-size-gi-baking-worker=262144"
    "memorysetup-temp-allocator-size-gi-baking-worker=262144"
    "memorysetup-temp-allocator-size-gi-baking-worker=262144"
    "memorysetup-temp-allocator-size-gfx=262144"
Player connection [19380]  Target information:

Player connection [19380]  * "[IP] 192.168.1.14 [Port] 0 [Flags] 2 [Guid] 2793851208 [EditorId] 2793851208 [Version] 1048832 [Id] WindowsEditor(7,João_Marcos) [Debug] 1 [PackageName] WindowsEditor [ProjectName] Editor" 

Player connection [19380] Host joined multi-casting on [225.0.0.222:54997]...
Player connection [19380] Host joined alternative multi-casting on [225.0.0.222:34997]...
JobSystem: Creating JobQueue using job-worker-count value 5
Input System module state changed to: Initialized.
[Physics::Module] Initialized fallback backend.
[Physics::Module] Id: 0xdecafbad
Library Redirect Path: Library/
[Physics::Module] Selected backend.
[Physics::Module] Name: PhysX
[Physics::Module] Id: 0xf2b8ea05
[Physics::Module] SDK Version: 4.1.2
[Physics::Module] Integration Version: 1.0.0
[Physics::Module] Threading Mode: Multi-Threaded
[Licensing::Module] Licensing is not yet initialized.
[Licensing::Client] Handshaking with LicensingClient:
  Version:                 1.17.4+4293ba1
  Session Id:              77572a73519d4f8db5dc8b2bc5374077
  Correlation Id:          50a17dbc70eef3e52212a5869012cfa6
  External correlation Id: 518505273190141513
  Machine Id:              HQNx0Lk5Nxu9aURm1fucyn1jYfo=
[Licensing::Module] Successfully connected to LicensingClient on channel: "LicenseClient-joahi" (connect: 0.00s, validation: 0.00s, handshake: 1.78s)
[Licensing::IpcConnector] Successfully connected to: "LicenseClient-joahi-notifications" at "2025-12-15T15:46:03.3751097Z"
[Licensing::Module] Licensing Background thread has ended after 1.78s
[Licensing::Module] Licensing is initialized (took 1.48s).
[Licensing::Client] Successfully resolved entitlement details
[Licensing::Module] License group:
  Id: 4674069489284-UnityPersXXXX
  Product: Unity Personal
  Type: Assigned
  Expiration: Unlimited
Refreshing native plugins compatible for Editor in 34.88 ms, found 12 plugins.
Unity memory allocator detected: MetaXRAudio native memory allocations will be tracked.
Preloading 3 native plugins for Editor in 3.52 ms.
Initialize engine version: 6000.2.14f1 (589824c1fc31)
[Subsystems] Discovering subsystems at path C:/Program Files/Unity/Hub/Editor/6000.2.14f1/Editor/Data/Resources/UnitySubsystems
[Subsystems] Discovering subsystems at path C:/Users/joahi/Documents/Projetos/VR_LAICP/AR_Zillia/Assets
GfxDevice: creating device client; kGfxThreadingModeNonThreaded
Direct3D:
    Version:  Direct3D 11.0 [level 11.1]
    Renderer: NVIDIA GeForce GTX 1650 Ti (ID=0x1f95)
    Vendor:   NVIDIA
    VRAM:     3935 MB
    Driver:   32.0.15.8097
Shader 'Meta/MRUK/Scene/HighlightsAndShadows': fallback shader 'Off' not found
Shader 'Oculus/OVRMRCameraFrameLit': fallback shader 'Alpha-Diffuse' not found
Initialize mono
Mono path[0] = 'C:/Program Files/Unity/Hub/Editor/6000.2.14f1/Editor/Data/Managed'
Mono path[1] = 'C:/Program Files/Unity/Hub/Editor/6000.2.14f1/Editor/Data/MonoBleedingEdge/lib/mono/unityjit-win32'
Mono config path = 'C:/Program Files/Unity/Hub/Editor/6000.2.14f1/Editor/Data/MonoBleedingEdge/etc'
Using monoOptions --debugger-agent=transport=dt_socket,embedding=1,server=y,suspend=n,address=127.0.0.1:56784
Begin MonoManager ReloadAssembly
Registering precompiled unity dll's ...
Register platform support module: C:/Program Files/Unity/Hub/Editor/6000.2.14f1/Editor/Data/PlaybackEngines/WebGLSupport/UnityEditor.WebGL.Extensions.dll
[Licensing::Client] Successfully resolved entitlement details
Register platform support module: C:/Program Files/Unity/Hub/Editor/6000.2.14f1/Editor/Data/PlaybackEngines/VisionOSPlayer/UnityEditor.VisionOS.Extensions.dll
Register platform support module: C:/Program Files/Unity/Hub/Editor/6000.2.14f1/Editor/Data/PlaybackEngines/WindowsStandaloneSupport/UnityEditor.WindowsStandalone.Extensions.dll
[Licensing::Client] Successfully resolved entitlement details
Register platform support module: C:/Program Files/Unity/Hub/Editor/6000.2.14f1/Editor/Data/PlaybackEngines/MetroSupport/UnityEditor.UWP.Extensions.dll
Register platform support module: C:/Program Files/Unity/Hub/Editor/6000.2.14f1/Editor/Data/PlaybackEngines/AndroidPlayer/UnityEditor.Android.Extensions.dll
Register platform support module: C:/Program Files/Unity/Hub/Editor/6000.2.14f1/Editor/Data/PlaybackEngines/LinuxStandaloneSupport/UnityEditor.LinuxStandalone.Extensions.dll
Registered in 0.012122 seconds.
- Loaded All Assemblies, in  0.751 seconds
Native extension for LinuxStandalone target not found
Native extension for Android target not found
Android Extension - Scanning For ADB Devices 202 ms
Native extension for UWP target not found
Native extension for WindowsStandalone target not found
Failed to load: C:/Program Files/Unity/Hub/Editor/6000.2.14f1/Editor/Data/PlaybackEngines/VisionOSPlayer\x64\UnityEditor.VisionOS.Native.dll
Native extension for VisionOS target not found
Native extension for WebGL target not found
Mono: successfully reloaded assembly
- Finished resetting the current domain, in  0.945 seconds
Domain Reload Profiling: 1693ms
	BeginReloadAssembly (213ms)
		ExecutionOrderSort (0ms)
		DisableScriptedObjects (0ms)
		BackupInstance (0ms)
		ReleaseScriptingObjects (0ms)
		CreateAndSetChildDomain (1ms)
	RebuildCommonClasses (67ms)
	RebuildNativeTypeToScriptingClass (23ms)
	initialDomainReloadingComplete (94ms)
	LoadAllAssembliesAndSetupDomain (350ms)
		LoadAssemblies (212ms)
		RebuildTransferFunctionScriptingTraits (0ms)
		AnalyzeDomain (342ms)
			TypeCache.Refresh (338ms)
				TypeCache.ScanAssembly (308ms)
			BuildScriptInfoCaches (0ms)
			ResolveRequiredComponents (1ms)
	FinalizeReload (946ms)
		ReleaseScriptCaches (0ms)
		RebuildScriptCaches (0ms)
		SetupLoadedEditorAssemblies (835ms)
			LogAssemblyErrors (0ms)
			InitializePlatformSupportModulesInManaged (437ms)
			SetLoadedEditorAssemblies (7ms)
			BeforeProcessingInitializeOnLoad (116ms)
			ProcessInitializeOnLoadAttributes (191ms)
			ProcessInitializeOnLoadMethodAttributes (83ms)
			AfterProcessingInitializeOnLoad (0ms)
			EditorAssembliesLoaded (0ms)
		ExecutionOrderSort2 (0ms)
		AwakeInstancesAfterBackupRestoration (0ms)
========================================================================
Worker process is ready to serve import requests
Import Worker Mode flag is 0x00
Begin MonoManager ReloadAssembly
[Licensing::Client] Successfully resolved entitlement details
Symbol file LoadedFromMemory is not a mono symbol file
- Loaded All Assemblies, in  1.794 seconds
Script 'CharacterController' has the same name as built-in Unity component.
AddComponent and GetComponent will not work with this script.
'Packages/com.meta.xr.sdk.core/Editor/BuildingBlocks/BlocksWindow.cs' contains partial class of Unity.Object, exactly 1 of the partial classes needs to be in a file with the same filename. This is to know the one that can be referenced from ie. GameObjects
'Packages/com.meta.xr.sdk.core/Editor/BuildingBlocks/BlocksWindowDetailsExtension.cs' contains partial class of Unity.Object, exactly 1 of the partial classes needs to be in a file with the same filename. This is to know the one that can be referenced from ie. GameObjects
'Packages/com.meta.xr.sdk.core/Editor/BuildingBlocks/BlocksWindowCollectionsPageExtension.cs' contains partial class of Unity.Object, exactly 1 of the partial classes needs to be in a file with the same filename. This is to know the one that can be referenced from ie. GameObjects
Refreshing native plugins compatible for Editor in 12.38 ms, found 12 plugins.
Native extension for LinuxStandalone target not found
Native extension for Android target not found
Native extension for UWP target not found
Native extension for WindowsStandalone target not found
Failed to load: C:/Program Files/Unity/Hub/Editor/6000.2.14f1/Editor/Data/PlaybackEngines/VisionOSPlayer\x64\UnityEditor.VisionOS.Native.dll
Native extension for VisionOS target not found
Native extension for WebGL target not found
Refreshing native plugins compatible for Editor in 14.84 ms, found 12 plugins.
Package Manager log level set to [2]
[Package Manager] Failed to launch server process. Reason: Unity was launched with the -noUpm command-line argument
[Package Manager] Unable to send message (not connected to server process).
[Package Manager] Cannot connect to Unity Package Manager local server
[Package Manager] Failed to launch server process. Reason: Unity was launched with the -noUpm command-line argument
[Package Manager] Unable to send message (not connected to server process).
[Package Manager] Cannot connect to Unity Package Manager local server
System.Reflection.TargetInvocationException: Exception has been thrown by the target of an invocation. ---> System.NullReferenceException: Object reference not set to an instance of an object
  at Unity.XR.Oculus.OculusLoader.AssetPathToAbsolutePath (System.String assetPath) [0x00041] in .\Library\PackageCache\com.unity.xr.oculus@44578ba4bd45\Runtime\OculusLoader.cs:312 
  at Unity.XR.Oculus.OculusLoader.EditorLoadOVRPlugin () [0x000dd] in .\Library\PackageCache\com.unity.xr.oculus@44578ba4bd45\Runtime\OculusLoader.cs:297 
  at (wrapper managed-to-native) System.Reflection.RuntimeMethodInfo.InternalInvoke(System.Reflection.RuntimeMethodInfo,object,object[],System.Exception&)
  at System.Reflection.RuntimeMethodInfo.Invoke (System.Object obj, System.Reflection.BindingFlags invokeAttr, System.Reflection.Binder binder, System.Object[] parameters, System.Globalization.CultureInfo culture) [0x0006a] in <3272951baa974b2ab5e8de68d60bfc1e>:0 
   --- End of inner exception stack trace ---
  at System.Reflection.RuntimeMethodInfo.Invoke (System.Object obj, System.Reflection.BindingFlags invokeAttr, System.Reflection.Binder binder, System.Object[] parameters, System.Globalization.CultureInfo culture) [0x00083] in <3272951baa974b2ab5e8de68d60bfc1e>:0 
  at System.Reflection.MethodBase.Invoke (System.Object obj, System.Object[] parameters) [0x00000] in <3272951baa974b2ab5e8de68d60bfc1e>:0 
  at UnityEditor.EditorAssemblies.ProcessInitializeOnLoadMethodAttributes () [0x00087] in <a895e2991ebf4b30a4a49ce8fe561053>:0 
UnityEngine.Debug:ExtractStackTraceNoAlloc (byte*,int,string)
UnityEngine.StackTraceUtility:ExtractStackTrace ()
UnityEngine.DebugLogHandler:Internal_Log (UnityEngine.LogType,UnityEngine.LogOption,string,UnityEngine.Object)
UnityEngine.DebugLogHandler:LogFormat (UnityEngine.LogType,UnityEngine.Object,string,object[])
UnityEngine.Logger:Log (UnityEngine.LogType,object)
UnityEngine.Debug:LogError (object)
UnityEditor.EditorAssemblies:ProcessInitializeOnLoadMethodAttributes ()

The project currently uses the compatibility mode where the Render Graph API is disabled. Support for this mode will be removed in future Unity versions. Migrate existing ScriptableRenderPasses to the new RenderGraph API. After the migration, disable the compatibility mode in Edit > Projects Settings > Graphics > Render Graph.
UnityEngine.Debug:ExtractStackTraceNoAlloc (byte*,int,string)
UnityEngine.StackTraceUtility:ExtractStackTrace ()
UnityEngine.DebugLogHandler:Internal_Log (UnityEngine.LogType,UnityEngine.LogOption,string,UnityEngine.Object)
UnityEngine.DebugLogHandler:LogFormat (UnityEngine.LogType,UnityEngine.Object,string,object[])
UnityEngine.Logger:Log (UnityEngine.LogType,object)
UnityEngine.Debug:LogWarning (object)
UnityEngine.Rendering.Universal.WarnUsingNonRenderGraph:EmitConsoleWarning () (at ./Library/PackageCache/com.unity.render-pipelines.universal@8a8bcae6893e/Runtime/Data/UniversalRenderPipelineAsset.cs:432)
System.Reflection.RuntimeMethodInfo:Invoke (object,System.Reflection.BindingFlags,System.Reflection.Binder,object[],System.Globalization.CultureInfo)
System.Reflection.MethodBase:Invoke (object,object[])
UnityEditor.EditorAssemblies:ProcessInitializeOnLoadMethodAttributes ()

(Filename: ./Library/PackageCache/com.unity.render-pipelines.universal@8a8bcae6893e/Runtime/Data/UniversalRenderPipelineAsset.cs Line: 432)

Mono: successfully reloaded assembly
[Package Manager] Failed to launch server process. Reason: Unity was launched with the -noUpm command-line argument
[Package Manager] Unable to send message (not connected to server process).
[Package Manager] Cannot connect to Unity Package Manager local server
[Package Manager] Failed to launch server process. Reason: Unity was launched with the -noUpm command-line argument
[Package Manager] Unable to send message (not connected to server process).
[Package Manager] Cannot connect to Unity Package Manager local server
- Finished resetting the current domain, in  2.343 seconds
Domain Reload Profiling: 4128ms
	BeginReloadAssembly (297ms)
		ExecutionOrderSort (0ms)
		DisableScriptedObjects (12ms)
		BackupInstance (0ms)
		ReleaseScriptingObjects (0ms)
		CreateAndSetChildDomain (40ms)
	RebuildCommonClasses (65ms)
	RebuildNativeTypeToScriptingClass (22ms)
	initialDomainReloadingComplete (67ms)
	LoadAllAssembliesAndSetupDomain (1333ms)
		LoadAssemblies (829ms)
		RebuildTransferFunctionScriptingTraits (0ms)
		AnalyzeDomain (670ms)
			TypeCache.Refresh (458ms)
				TypeCache.ScanAssembly (422ms)
			BuildScriptInfoCaches (167ms)
			ResolveRequiredComponents (38ms)
	FinalizeReload (2344ms)
		ReleaseScriptCaches (0ms)
		RebuildScriptCaches (0ms)
		SetupLoadedEditorAssemblies (1954ms)
			LogAssemblyErrors (0ms)
			InitializePlatformSupportModulesInManaged (37ms)
			SetLoadedEditorAssemblies (11ms)
			BeforeProcessingInitializeOnLoad (502ms)
			ProcessInitializeOnLoadAttributes (1150ms)
			ProcessInitializeOnLoadMethodAttributes (242ms)
			AfterProcessingInitializeOnLoad (12ms)
			EditorAssembliesLoaded (1ms)
		ExecutionOrderSort2 (0ms)
		AwakeInstancesAfterBackupRestoration (11ms)
Shader 'Meta/MRUK/Scene/HighlightsAndShadows': fallback shader 'Off' not found
Shader 'Oculus/OVRMRCameraFrameLit': fallback shader 'Alpha-Diffuse' not found
Launched and connected shader compiler UnityShaderCompiler.exe after 0.02 seconds
Refreshing native plugins compatible for Editor in 13.49 ms, found 12 plugins.
Preloading 3 native plugins for Editor in 0.40 ms.
Unloading 16 Unused Serialized files (Serialized files now loaded: 0)
Unloading 9018 unused Assets / (5.8 MB). Loaded Objects now: 9805.
Memory consumption went from 174.0 MB to 168.2 MB.
Total: 20.901800 ms (FindLiveObjects: 2.067400 ms CreateObjectMapping: 2.138000 ms MarkObjects: 12.298100 ms  DeleteObjects: 4.396800 ms)

========================================================================
Received Import Request.
  Time since last request: 386640.516391 seconds.
  path: Assets/Scenes/Cena_Oficial.unity
  artifactKey: Guid(99c9720ab356a0642a771bea13969a05) Importer(815301076,1909f56bfc062723c751e8b465ee728b)
Start importing Assets/Scenes/Cena_Oficial.unity using Guid(99c9720ab356a0642a771bea13969a05) Importer(815301076,1909f56bfc062723c751e8b465ee728b) (PreviewImporter) -> (artifact id: '1e693c080a97796f8bbdf30a7ef9281f') in 0.0072487 seconds
Number of updated asset objects reloaded before import = 0Number of asset objects unloaded after import = 0

========================================================================
Received Import Request.
  Time since last request: 35.378047 seconds.
  path: Assets/Prefabs/Celula_Pedidos.prefab
  artifactKey: Guid(72db942628f5ab24f87c03464a80d5fd) Importer(815301076,1909f56bfc062723c751e8b465ee728b)
Start importing Assets/Prefabs/Celula_Pedidos.prefab using Guid(72db942628f5ab24f87c03464a80d5fd) Importer(815301076,1909f56bfc062723c751e8b465ee728b) (PreviewImporter) -> (artifact id: '98b61be5d3ec84fb3b43be2267fbfb92') in 0.148012 seconds
Number of updated asset objects reloaded before import = 0Number of asset objects unloaded after import = 37

========================================================================
Received Import Request.
  Time since last request: 0.000037 seconds.
  path: Assets/Prefabs/Menu_Principal.prefab
  artifactKey: Guid(93531a412c88d1e4e9a13ecebfa863b2) Importer(815301076,1909f56bfc062723c751e8b465ee728b)
Start importing Assets/Prefabs/Menu_Principal.prefab using Guid(93531a412c88d1e4e9a13ecebfa863b2) Importer(815301076,1909f56bfc062723c751e8b465ee728b) (PreviewImporter) -> (artifact id: '73bf74218bc14ee1e0f8f92000f74f36') in 0.0820279 seconds
Number of updated asset objects reloaded before import = 0Number of asset objects unloaded after import = 217

========================================================================
Received Import Request.
  Time since last request: 0.000047 seconds.
  path: Assets/Prefabs/Chat_Row_IA.prefab
  artifactKey: Guid(d7933bc3fa7bc95438a827f55f851f5b) Importer(815301076,1909f56bfc062723c751e8b465ee728b)
Start importing Assets/Prefabs/Chat_Row_IA.prefab using Guid(d7933bc3fa7bc95438a827f55f851f5b) Importer(815301076,1909f56bfc062723c751e8b465ee728b) (PreviewImporter) -> (artifact id: '805a03cd6631192b98243786df4fd289') in 0.0243155 seconds
Number of updated asset objects reloaded before import = 0Number of asset objects unloaded after import = 28

========================================================================
Received Import Request.
  Time since last request: 4.584822 seconds.
  path: Assets/Prefabs/Menu_Principal.prefab
  artifactKey: Guid(93531a412c88d1e4e9a13ecebfa863b2) Importer(815301076,1909f56bfc062723c751e8b465ee728b)
Start importing Assets/Prefabs/Menu_Principal.prefab using Guid(93531a412c88d1e4e9a13ecebfa863b2) Importer(815301076,1909f56bfc062723c751e8b465ee728b) (PreviewImporter) -> (artifact id: '395c8791cb370e727e3ebf0685dbe07d') in 0.0289206 seconds
Number of updated asset objects reloaded before import = 0Number of asset objects unloaded after import = 217

========================================================================
Received Import Request.
  Time since last request: 1.142885 seconds.
  path: Assets/Prefabs/Menu_Principal.prefab
  artifactKey: Guid(93531a412c88d1e4e9a13ecebfa863b2) Importer(815301076,1909f56bfc062723c751e8b465ee728b)
Start importing Assets/Prefabs/Menu_Principal.prefab using Guid(93531a412c88d1e4e9a13ecebfa863b2) Importer(815301076,1909f56bfc062723c751e8b465ee728b) (PreviewImporter) -> (artifact id: '3ac2db2c73a5f026dabe7dd1aa077c86') in 0.0326466 seconds
Number of updated asset objects reloaded before import = 0Number of asset objects unloaded after import = 217

========================================================================
Received Import Request.
  Time since last request: 64.964122 seconds.
  path: Assets/Prefabs/Menu_Principal.prefab
  artifactKey: Guid(93531a412c88d1e4e9a13ecebfa863b2) Importer(815301076,1909f56bfc062723c751e8b465ee728b)
Start importing Assets/Prefabs/Menu_Principal.prefab using Guid(93531a412c88d1e4e9a13ecebfa863b2) Importer(815301076,1909f56bfc062723c751e8b465ee728b) (PreviewImporter) -> (artifact id: 'e3cb9d6cf526c36a898906f90bc2e2bd') in 0.0306479 seconds
Number of updated asset objects reloaded before import = 0Number of asset objects unloaded after import = 217

========================================================================
Received Import Request.
  Time since last request: 2.227565 seconds.
  path: Assets/Prefabs/Menu_Principal.prefab
  artifactKey: Guid(93531a412c88d1e4e9a13ecebfa863b2) Importer(815301076,1909f56bfc062723c751e8b465ee728b)
Start importing Assets/Prefabs/Menu_Principal.prefab using Guid(93531a412c88d1e4e9a13ecebfa863b2) Importer(815301076,1909f56bfc062723c751e8b465ee728b) (PreviewImporter) -> (artifact id: 'fd2dbc433afac583a53841907c37bd19') in 0.0324767 seconds
Number of updated asset objects reloaded before import = 0Number of asset objects unloaded after import = 217

========================================================================
Received Import Request.
  Time since last request: 1.103479 seconds.
  path: Assets/Prefabs/Menu_Principal.prefab
  artifactKey: Guid(93531a412c88d1e4e9a13ecebfa863b2) Importer(815301076,1909f56bfc062723c751e8b465ee728b)
Start importing Assets/Prefabs/Menu_Principal.prefab using Guid(93531a412c88d1e4e9a13ecebfa863b2) Importer(815301076,1909f56bfc062723c751e8b465ee728b) (PreviewImporter) -> (artifact id: '5e7fbf1398ebeffdccf05914e49c4a83') in 0.0299342 seconds
Number of updated asset objects reloaded before import = 0Number of asset objects unloaded after import = 217

========================================================================
Received Import Request.
  Time since last request: 12.430417 seconds.
  path: Assets/Prefabs/Menu_Principal.prefab
  artifactKey: Guid(93531a412c88d1e4e9a13ecebfa863b2) Importer(815301076,1909f56bfc062723c751e8b465ee728b)
Start importing Assets/Prefabs/Menu_Principal.prefab using Guid(93531a412c88d1e4e9a13ecebfa863b2) Importer(815301076,1909f56bfc062723c751e8b465ee728b) (PreviewImporter) -> (artifact id: 'b2911555984c578bc237d10fde398da7') in 0.0301215 seconds
Number of updated asset objects reloaded before import = 0Number of asset objects unloaded after import = 217

========================================================================
Received Import Request.
  Time since last request: 31.782172 seconds.
  path: Assets/Prefabs/Menu_Principal.prefab
  artifactKey: Guid(93531a412c88d1e4e9a13ecebfa863b2) Importer(815301076,1909f56bfc062723c751e8b465ee728b)
Start importing Assets/Prefabs/Menu_Principal.prefab using Guid(93531a412c88d1e4e9a13ecebfa863b2) Importer(815301076,1909f56bfc062723c751e8b465ee728b) (PreviewImporter) -> (artifact id: '7407b5fa9a7069c0fe3ffe02e88fb409') in 0.0285286 seconds
Number of updated asset objects reloaded before import = 0Number of asset objects unloaded after import = 216

========================================================================
Received Import Request.
  Time since last request: 0.117312 seconds.
  path: Assets/Prefabs/Menu_Principal.prefab
  artifactKey: Guid(93531a412c88d1e4e9a13ecebfa863b2) Importer(815301076,1909f56bfc062723c751e8b465ee728b)
Start importing Assets/Prefabs/Menu_Principal.prefab using Guid(93531a412c88d1e4e9a13ecebfa863b2) Importer(815301076,1909f56bfc062723c751e8b465ee728b) (PreviewImporter) -> (artifact id: '5be9e3d07951b58bc2ab38ff5f169a91') in 0.0278037 seconds
Number of updated asset objects reloaded before import = 0Number of asset objects unloaded after import = 216

========================================================================
Received Import Request.
  Time since last request: 196.169254 seconds.
  path: Assets/Prefabs/Menu_Principal.prefab
  artifactKey: Guid(93531a412c88d1e4e9a13ecebfa863b2) Importer(815301076,1909f56bfc062723c751e8b465ee728b)
Start importing Assets/Prefabs/Menu_Principal.prefab using Guid(93531a412c88d1e4e9a13ecebfa863b2) Importer(815301076,1909f56bfc062723c751e8b465ee728b) (PreviewImporter) -> (artifact id: '83dbae9177a2fc86e089e2ad9976316b') in 0.032005 seconds
Number of updated asset objects reloaded before import = 0Number of asset objects unloaded after import = 217

========================================================================
Received Import Request.
  Time since last request: 37.011645 seconds.
  path: Assets/Prefabs/Menu_Principal.prefab
  artifactKey: Guid(93531a412c88d1e4e9a13ecebfa863b2) Importer(815301076,1909f56bfc062723c751e8b465ee728b)
Start importing Assets/Prefabs/Menu_Principal.prefab using Guid(93531a412c88d1e4e9a13ecebfa863b2) Importer(815301076,1909f56bfc062723c751e8b465ee728b) (PreviewImporter) -> (artifact id: 'bc5391b685f3d1188033e0d1199ffd2c') in 0.0298792 seconds
Number of updated asset objects reloaded before import = 0Number of asset objects unloaded after import = 217

========================================================================
Received Import Request.
  Time since last request: 44.040412 seconds.
  path: Assets/Prefabs/Menu_Principal.prefab
  artifactKey: Guid(93531a412c88d1e4e9a13ecebfa863b2) Importer(815301076,1909f56bfc062723c751e8b465ee728b)
Start importing Assets/Prefabs/Menu_Principal.prefab using Guid(93531a412c88d1e4e9a13ecebfa863b2) Importer(815301076,1909f56bfc062723c751e8b465ee728b) (PreviewImporter) -> (artifact id: 'eb303383f853d0d7da09e3380e6c41f2') in 0.0281983 seconds
Number of updated asset objects reloaded before import = 0Number of asset objects unloaded after import = 217

========================================================================
Received Import Request.
  Time since last request: 18.939681 seconds.
  path: Assets/Textures/Comente_Icon.png
  artifactKey: Guid(d1c3c507bd6aa9a458a8e4716ba45ba9) Importer(815301076,1909f56bfc062723c751e8b465ee728b)
Start importing Assets/Textures/Comente_Icon.png using Guid(d1c3c507bd6aa9a458a8e4716ba45ba9) Importer(815301076,1909f56bfc062723c751e8b465ee728b) (PreviewImporter)[Licensing::Client] Successfully resolved entitlement details
[Licensing::Client] Successfully resolved entitlement details
[Licensing::Client] Successfully resolved entitlement details
 -> (artifact id: 'ccb72253768f007863eaa7e1b9d35e27') in 0.1197077 seconds
Number of updated asset objects reloaded before import = 0Number of asset objects unloaded after import = 3

========================================================================
Received Import Request.
  Time since last request: 0.000032 seconds.
  path: Assets/Textures/SendMessage.png
  artifactKey: Guid(f13cb1766cd46e74e8557ca3da32bbbc) Importer(815301076,1909f56bfc062723c751e8b465ee728b)
Start importing Assets/Textures/SendMessage.png using Guid(f13cb1766cd46e74e8557ca3da32bbbc) Importer(815301076,1909f56bfc062723c751e8b465ee728b) (PreviewImporter) -> (artifact id: '4b3b3dadeceebcad1a7c798e497be399') in 0.0405925 seconds
Number of updated asset objects reloaded before import = 0Number of asset objects unloaded after import = 3

========================================================================
Received Import Request.
  Time since last request: 0.000034 seconds.
  path: Assets/Textures/RoundedRect.png
  artifactKey: Guid(e8ad4b9b51b390841970c22a1e4c1424) Importer(815301076,1909f56bfc062723c751e8b465ee728b)
Start importing Assets/Textures/RoundedRect.png using Guid(e8ad4b9b51b390841970c22a1e4c1424) Importer(815301076,1909f56bfc062723c751e8b465ee728b) (PreviewImporter) -> (artifact id: '96dce2c066f77b3092163cab563bcfe8') in 0.0364077 seconds
Number of updated asset objects reloaded before import = 0Number of asset objects unloaded after import = 3

========================================================================
Received Import Request.
  Time since last request: 0.000024 seconds.
  path: Assets/Textures/tick_on.png
  artifactKey: Guid(63980a653adf0604c84083b71794c2df) Importer(815301076,1909f56bfc062723c751e8b465ee728b)
Start importing Assets/Textures/tick_on.png using Guid(63980a653adf0604c84083b71794c2df) Importer(815301076,1909f56bfc062723c751e8b465ee728b) (PreviewImporter) -> (artifact id: '19f647dcc347cdd3756815d20e8250a7') in 0.0392053 seconds
Number of updated asset objects reloaded before import = 0Number of asset objects unloaded after import = 3

========================================================================
Received Import Request.
  Time since last request: 0.000027 seconds.
  path: Assets/Textures/Memorias/RAM_SODIM.png
  artifactKey: Guid(bff3d475245bbc04f8ad1971806e29b9) Importer(815301076,1909f56bfc062723c751e8b465ee728b)
Start importing Assets/Textures/Memorias/RAM_SODIM.png using Guid(bff3d475245bbc04f8ad1971806e29b9) Importer(815301076,1909f56bfc062723c751e8b465ee728b) (PreviewImporter) -> (artifact id: 'aa791fc976abf0de8cbd825ec1500586') in 0.0392575 seconds
Number of updated asset objects reloaded before import = 0Number of asset objects unloaded after import = 3

========================================================================
Received Import Request.
  Time since last request: 0.000046 seconds.
  path: Assets/Textures/Logo_Zillia.png
  artifactKey: Guid(0ac4a605fdac41241898e3dff1378fd0) Importer(815301076,1909f56bfc062723c751e8b465ee728b)
Start importing Assets/Textures/Logo_Zillia.png using Guid(0ac4a605fdac41241898e3dff1378fd0) Importer(815301076,1909f56bfc062723c751e8b465ee728b) (PreviewImporter) -> (artifact id: '9aa9d395e22aa2d9aea3edebdab84a57') in 0.0505668 seconds
Number of updated asset objects reloaded before import = 0Number of asset objects unloaded after import = 3

========================================================================
Received Import Request.
  Time since last request: 0.000028 seconds.
  path: Assets/Textures/Microfone.png
  artifactKey: Guid(700ee79620a11d64b89c2750178a5d72) Importer(815301076,1909f56bfc062723c751e8b465ee728b)
Start importing Assets/Textures/Microfone.png using Guid(700ee79620a11d64b89c2750178a5d72) Importer(815301076,1909f56bfc062723c751e8b465ee728b) (PreviewImporter) -> (artifact id: '5beb3c35a5b5e57e1be02b625a8a17c2') in 0.0314729 seconds
Number of updated asset objects reloaded before import = 0Number of asset objects unloaded after import = 3

========================================================================
Received Import Request.
  Time since last request: 7.053775 seconds.
  path: Assets/Prefabs/Menu_Principal.prefab
  artifactKey: Guid(93531a412c88d1e4e9a13ecebfa863b2) Importer(815301076,1909f56bfc062723c751e8b465ee728b)
Start importing Assets/Prefabs/Menu_Principal.prefab using Guid(93531a412c88d1e4e9a13ecebfa863b2) Importer(815301076,1909f56bfc062723c751e8b465ee728b) (PreviewImporter) -> (artifact id: 'fe25057601f67607b162330bf0d3d10f') in 0.0299782 seconds
Number of updated asset objects reloaded before import = 0Number of asset objects unloaded after import = 217

========================================================================
Received Import Request.
  Time since last request: 0.734409 seconds.
  path: Assets/Prefabs/Menu_Principal.prefab
  artifactKey: Guid(93531a412c88d1e4e9a13ecebfa863b2) Importer(815301076,1909f56bfc062723c751e8b465ee728b)
Start importing Assets/Prefabs/Menu_Principal.prefab using Guid(93531a412c88d1e4e9a13ecebfa863b2) Importer(815301076,1909f56bfc062723c751e8b465ee728b) (PreviewImporter) -> (artifact id: '031a7916bdfe82e943a50290cbf1c71c') in 0.0332389 seconds
Number of updated asset objects reloaded before import = 0Number of asset objects unloaded after import = 217

========================================================================
Received Import Request.
  Time since last request: 1.837824 seconds.
  path: Assets/Prefabs/Menu_Principal.prefab
  artifactKey: Guid(93531a412c88d1e4e9a13ecebfa863b2) Importer(815301076,1909f56bfc062723c751e8b465ee728b)
Start importing Assets/Prefabs/Menu_Principal.prefab using Guid(93531a412c88d1e4e9a13ecebfa863b2) Importer(815301076,1909f56bfc062723c751e8b465ee728b) (PreviewImporter) -> (artifact id: '266f7b67f4e00aff7c10e8e784fe8a73') in 0.0272021 seconds
Number of updated asset objects reloaded before import = 0Number of asset objects unloaded after import = 217

========================================================================
Received Import Request.
  Time since last request: 5.516928 seconds.
  path: Assets/Prefabs/Menu_Principal.prefab
  artifactKey: Guid(93531a412c88d1e4e9a13ecebfa863b2) Importer(815301076,1909f56bfc062723c751e8b465ee728b)
Start importing Assets/Prefabs/Menu_Principal.prefab using Guid(93531a412c88d1e4e9a13ecebfa863b2) Importer(815301076,1909f56bfc062723c751e8b465ee728b) (PreviewImporter) -> (artifact id: '2c8af99a7321f9ef2949c8d93da96938') in 0.0254689 seconds
Number of updated asset objects reloaded before import = 0Number of asset objects unloaded after import = 217

========================================================================
Received Import Request.
  Time since last request: 311.747034 seconds.
  path: Assets/Prefabs/Menu_Principal.prefab
  artifactKey: Guid(93531a412c88d1e4e9a13ecebfa863b2) Importer(815301076,1909f56bfc062723c751e8b465ee728b)
Start importing Assets/Prefabs/Menu_Principal.prefab using Guid(93531a412c88d1e4e9a13ecebfa863b2) Importer(815301076,1909f56bfc062723c751e8b465ee728b) (PreviewImporter) -> (artifact id: 'fde10793361419fdca49915ca0f05725') in 0.0345622 seconds
Number of updated asset objects reloaded before import = 0Number of asset objects unloaded after import = 217

========================================================================
Received Import Request.
  Time since last request: 5.558329 seconds.
  path: Assets/Prefabs/Menu_Principal.prefab
  artifactKey: Guid(93531a412c88d1e4e9a13ecebfa863b2) Importer(815301076,1909f56bfc062723c751e8b465ee728b)
Start importing Assets/Prefabs/Menu_Principal.prefab using Guid(93531a412c88d1e4e9a13ecebfa863b2) Importer(815301076,1909f56bfc062723c751e8b465ee728b) (PreviewImporter) -> (artifact id: '0c9ebbf7ae1ceec583e4cea5a4bae914') in 0.0293446 seconds
Number of updated asset objects reloaded before import = 0Number of asset objects unloaded after import = 217

========================================================================
Received Import Request.
  Time since last request: 2.044987 seconds.
  path: Assets/Prefabs/Menu_Principal.prefab
  artifactKey: Guid(93531a412c88d1e4e9a13ecebfa863b2) Importer(815301076,1909f56bfc062723c751e8b465ee728b)
Start importing Assets/Prefabs/Menu_Principal.prefab using Guid(93531a412c88d1e4e9a13ecebfa863b2) Importer(815301076,1909f56bfc062723c751e8b465ee728b) (PreviewImporter) -> (artifact id: '47ed038f111afabe018554ba20c37cd8') in 0.0242775 seconds
Number of updated asset objects reloaded before import = 0Number of asset objects unloaded after import = 217

========================================================================
Received Import Request.
  Time since last request: 1.626532 seconds.
  path: Assets/Prefabs/Menu_Principal.prefab
  artifactKey: Guid(93531a412c88d1e4e9a13ecebfa863b2) Importer(815301076,1909f56bfc062723c751e8b465ee728b)
Start importing Assets/Prefabs/Menu_Principal.prefab using Guid(93531a412c88d1e4e9a13ecebfa863b2) Importer(815301076,1909f56bfc062723c751e8b465ee728b) (PreviewImporter) -> (artifact id: '5c76621b0354cef92a77792610e3ac7c') in 0.0293373 seconds
Number of updated asset objects reloaded before import = 0Number of asset objects unloaded after import = 217

========================================================================
Received Import Request.
  Time since last request: 32.032407 seconds.
  path: Assets/Prefabs/Menu_Principal.prefab
  artifactKey: Guid(93531a412c88d1e4e9a13ecebfa863b2) Importer(815301076,1909f56bfc062723c751e8b465ee728b)
Start importing Assets/Prefabs/Menu_Principal.prefab using Guid(93531a412c88d1e4e9a13ecebfa863b2) Importer(815301076,1909f56bfc062723c751e8b465ee728b) (PreviewImporter) -> (artifact id: '5b3879e42d7eedc5885df14119c11f00') in 0.0319706 seconds
Number of updated asset objects reloaded before import = 0Number of asset objects unloaded after import = 217

========================================================================
Received Import Request.
  Time since last request: 15.140740 seconds.
  path: Assets/Prefabs/Menu_Principal.prefab
  artifactKey: Guid(93531a412c88d1e4e9a13ecebfa863b2) Importer(815301076,1909f56bfc062723c751e8b465ee728b)
Start importing Assets/Prefabs/Menu_Principal.prefab using Guid(93531a412c88d1e4e9a13ecebfa863b2) Importer(815301076,1909f56bfc062723c751e8b465ee728b) (PreviewImporter) -> (artifact id: '9171434c04cc2d62a326ccb1c0456501') in 0.0274311 seconds
Number of updated asset objects reloaded before import = 0Number of asset objects unloaded after import = 216

========================================================================
Received Import Request.
  Time since last request: 15.869617 seconds.
  path: Assets/Prefabs/Menu_Principal.prefab
  artifactKey: Guid(93531a412c88d1e4e9a13ecebfa863b2) Importer(815301076,1909f56bfc062723c751e8b465ee728b)
Start importing Assets/Prefabs/Menu_Principal.prefab using Guid(93531a412c88d1e4e9a13ecebfa863b2) Importer(815301076,1909f56bfc062723c751e8b465ee728b) (PreviewImporter) -> (artifact id: 'c2a0b17cef3b995c13af160694d7246d') in 0.0261033 seconds
Number of updated asset objects reloaded before import = 0Number of asset objects unloaded after import = 216

========================================================================
Received Import Request.
  Time since last request: 5.019858 seconds.
  path: Assets/Prefabs/Menu_Principal.prefab
  artifactKey: Guid(93531a412c88d1e4e9a13ecebfa863b2) Importer(815301076,1909f56bfc062723c751e8b465ee728b)
Start importing Assets/Prefabs/Menu_Principal.prefab using Guid(93531a412c88d1e4e9a13ecebfa863b2) Importer(815301076,1909f56bfc062723c751e8b465ee728b) (PreviewImporter) -> (artifact id: '2ff3d105653e215600cfcec61a6934c3') in 0.0260801 seconds
Number of updated asset objects reloaded before import = 0Number of asset objects unloaded after import = 216

========================================================================
Received Import Request.
  Time since last request: 1.817471 seconds.
  path: Assets/Prefabs/Menu_Principal.prefab
  artifactKey: Guid(93531a412c88d1e4e9a13ecebfa863b2) Importer(815301076,1909f56bfc062723c751e8b465ee728b)
Start importing Assets/Prefabs/Menu_Principal.prefab using Guid(93531a412c88d1e4e9a13ecebfa863b2) Importer(815301076,1909f56bfc062723c751e8b465ee728b) (PreviewImporter) -> (artifact id: '7b44432f5d29742a3f8f5a2d11d32973') in 0.0237022 seconds
Number of updated asset objects reloaded before import = 0Number of asset objects unloaded after import = 216

========================================================================
Received Import Request.
  Time since last request: 0.961159 seconds.
  path: Assets/Prefabs/Menu_Principal.prefab
  artifactKey: Guid(93531a412c88d1e4e9a13ecebfa863b2) Importer(815301076,1909f56bfc062723c751e8b465ee728b)
Start importing Assets/Prefabs/Menu_Principal.prefab using Guid(93531a412c88d1e4e9a13ecebfa863b2) Importer(815301076,1909f56bfc062723c751e8b465ee728b) (PreviewImporter) -> (artifact id: '6fd60374b8e64a919809d96ddb6a477e') in 0.0251315 seconds
Number of updated asset objects reloaded before import = 0Number of asset objects unloaded after import = 216

========================================================================
Received Import Request.
  Time since last request: 1.158729 seconds.
  path: Assets/Prefabs/Menu_Principal.prefab
  artifactKey: Guid(93531a412c88d1e4e9a13ecebfa863b2) Importer(815301076,1909f56bfc062723c751e8b465ee728b)
Start importing Assets/Prefabs/Menu_Principal.prefab using Guid(93531a412c88d1e4e9a13ecebfa863b2) Importer(815301076,1909f56bfc062723c751e8b465ee728b) (PreviewImporter) -> (artifact id: '8f14430c49a9d0a7019158fc5c9c0dab') in 0.0265722 seconds
Number of updated asset objects reloaded before import = 0Number of asset objects unloaded after import = 216

========================================================================
Received Import Request.
  Time since last request: 7.624486 seconds.
  path: Assets/Prefabs/Menu_Principal.prefab
  artifactKey: Guid(93531a412c88d1e4e9a13ecebfa863b2) Importer(815301076,1909f56bfc062723c751e8b465ee728b)
Start importing Assets/Prefabs/Menu_Principal.prefab using Guid(93531a412c88d1e4e9a13ecebfa863b2) Importer(815301076,1909f56bfc062723c751e8b465ee728b) (PreviewImporter) -> (artifact id: '48b54f8547ef5bebad4777bae3448992') in 0.0304308 seconds
Number of updated asset objects reloaded before import = 0Number of asset objects unloaded after import = 216

========================================================================
Received Import Request.
  Time since last request: 2.374042 seconds.
  path: Assets/Prefabs/Menu_Principal.prefab
  artifactKey: Guid(93531a412c88d1e4e9a13ecebfa863b2) Importer(815301076,1909f56bfc062723c751e8b465ee728b)
Start importing Assets/Prefabs/Menu_Principal.prefab using Guid(93531a412c88d1e4e9a13ecebfa863b2) Importer(815301076,1909f56bfc062723c751e8b465ee728b) (PreviewImporter) -> (artifact id: 'd0588c1e2d8c2a13c7f435ea9bd92b67') in 0.0242758 seconds
Number of updated asset objects reloaded before import = 0Number of asset objects unloaded after import = 216

========================================================================
Received Import Request.
  Time since last request: 5.416023 seconds.
  path: Assets/Prefabs/Menu_Principal.prefab
  artifactKey: Guid(93531a412c88d1e4e9a13ecebfa863b2) Importer(815301076,1909f56bfc062723c751e8b465ee728b)
Start importing Assets/Prefabs/Menu_Principal.prefab using Guid(93531a412c88d1e4e9a13ecebfa863b2) Importer(815301076,1909f56bfc062723c751e8b465ee728b) (PreviewImporter) -> (artifact id: 'ba1d18feb38d681152a03a6a00f376af') in 0.0320033 seconds
Number of updated asset objects reloaded before import = 0Number of asset objects unloaded after import = 216

========================================================================
Received Import Request.
  Time since last request: 14.836128 seconds.
  path: Assets/Prefabs/Menu_Principal.prefab
  artifactKey: Guid(93531a412c88d1e4e9a13ecebfa863b2) Importer(815301076,1909f56bfc062723c751e8b465ee728b)
Start importing Assets/Prefabs/Menu_Principal.prefab using Guid(93531a412c88d1e4e9a13ecebfa863b2) Importer(815301076,1909f56bfc062723c751e8b465ee728b) (PreviewImporter) -> (artifact id: '56ab7a184278f8d1adb588accf07562b') in 0.0306012 seconds
Number of updated asset objects reloaded before import = 0Number of asset objects unloaded after import = 216

========================================================================
Received Import Request.
  Time since last request: 3.169379 seconds.
  path: Assets/Prefabs/Menu_Principal.prefab
  artifactKey: Guid(93531a412c88d1e4e9a13ecebfa863b2) Importer(815301076,1909f56bfc062723c751e8b465ee728b)
Start importing Assets/Prefabs/Menu_Principal.prefab using Guid(93531a412c88d1e4e9a13ecebfa863b2) Importer(815301076,1909f56bfc062723c751e8b465ee728b) (PreviewImporter) -> (artifact id: '4b42a2462256b7c2d8fe8dd9e5c96a78') in 0.0300218 seconds
Number of updated asset objects reloaded before import = 0Number of asset objects unloaded after import = 216

========================================================================
Received Import Request.
  Time since last request: 6.004850 seconds.
  path: Assets/Prefabs/Menu_Principal.prefab
  artifactKey: Guid(93531a412c88d1e4e9a13ecebfa863b2) Importer(815301076,1909f56bfc062723c751e8b465ee728b)
Start importing Assets/Prefabs/Menu_Principal.prefab using Guid(93531a412c88d1e4e9a13ecebfa863b2) Importer(815301076,1909f56bfc062723c751e8b465ee728b) (PreviewImporter) -> (artifact id: 'ca6e3d09ad3bc150f032b5a36f054025') in 0.0298641 seconds
Number of updated asset objects reloaded before import = 0Number of asset objects unloaded after import = 216

========================================================================
Received Import Request.
  Time since last request: 4.808514 seconds.
  path: Assets/Prefabs/Menu_Principal.prefab
  artifactKey: Guid(93531a412c88d1e4e9a13ecebfa863b2) Importer(815301076,1909f56bfc062723c751e8b465ee728b)
Start importing Assets/Prefabs/Menu_Principal.prefab using Guid(93531a412c88d1e4e9a13ecebfa863b2) Importer(815301076,1909f56bfc062723c751e8b465ee728b) (PreviewImporter) -> (artifact id: 'd63e254ac2be722b31ac74a4716d5b3c') in 0.0289258 seconds
Number of updated asset objects reloaded before import = 0Number of asset objects unloaded after import = 215

========================================================================
Received Import Request.
  Time since last request: 2.549741 seconds.
  path: Assets/Prefabs/Menu_Principal.prefab
  artifactKey: Guid(93531a412c88d1e4e9a13ecebfa863b2) Importer(815301076,1909f56bfc062723c751e8b465ee728b)
Start importing Assets/Prefabs/Menu_Principal.prefab using Guid(93531a412c88d1e4e9a13ecebfa863b2) Importer(815301076,1909f56bfc062723c751e8b465ee728b) (PreviewImporter) -> (artifact id: '70a53eedabe261f2e92aac4b06c67070') in 0.0252407 seconds
Number of updated asset objects reloaded before import = 0Number of asset objects unloaded after import = 215

========================================================================
Received Import Request.
  Time since last request: 1.533177 seconds.
  path: Assets/Prefabs/Menu_Principal.prefab
  artifactKey: Guid(93531a412c88d1e4e9a13ecebfa863b2) Importer(815301076,1909f56bfc062723c751e8b465ee728b)
Start importing Assets/Prefabs/Menu_Principal.prefab using Guid(93531a412c88d1e4e9a13ecebfa863b2) Importer(815301076,1909f56bfc062723c751e8b465ee728b) (PreviewImporter) -> (artifact id: '7b1b7030201fd013fd85a8fbc257ce90') in 0.030321 seconds
Number of updated asset objects reloaded before import = 0Number of asset objects unloaded after import = 215

========================================================================
Received Import Request.
  Time since last request: 3.873623 seconds.
  path: Assets/Prefabs/Menu_Principal.prefab
  artifactKey: Guid(93531a412c88d1e4e9a13ecebfa863b2) Importer(815301076,1909f56bfc062723c751e8b465ee728b)
Start importing Assets/Prefabs/Menu_Principal.prefab using Guid(93531a412c88d1e4e9a13ecebfa863b2) Importer(815301076,1909f56bfc062723c751e8b465ee728b) (PreviewImporter) -> (artifact id: '220c30e56e6066417ba05e586d135954') in 0.0305693 seconds
Number of updated asset objects reloaded before import = 0Number of asset objects unloaded after import = 215

========================================================================
Received Import Request.
  Time since last request: 0.542351 seconds.
  path: Assets/Prefabs/Menu_Principal.prefab
  artifactKey: Guid(93531a412c88d1e4e9a13ecebfa863b2) Importer(815301076,1909f56bfc062723c751e8b465ee728b)
Start importing Assets/Prefabs/Menu_Principal.prefab using Guid(93531a412c88d1e4e9a13ecebfa863b2) Importer(815301076,1909f56bfc062723c751e8b465ee728b) (PreviewImporter) -> (artifact id: 'ecd60a63439c2fe69ce332188a3f3974') in 0.0278378 seconds
Number of updated asset objects reloaded before import = 0Number of asset objects unloaded after import = 215

========================================================================
Received Import Request.
  Time since last request: 0.353886 seconds.
  path: Assets/Prefabs/Menu_Principal.prefab
  artifactKey: Guid(93531a412c88d1e4e9a13ecebfa863b2) Importer(815301076,1909f56bfc062723c751e8b465ee728b)
Start importing Assets/Prefabs/Menu_Principal.prefab using Guid(93531a412c88d1e4e9a13ecebfa863b2) Importer(815301076,1909f56bfc062723c751e8b465ee728b) (PreviewImporter) -> (artifact id: '2c38c2d96dbaf76dca0618c5fcc8c700') in 0.032018 seconds
Number of updated asset objects reloaded before import = 0Number of asset objects unloaded after import = 215

========================================================================
Received Import Request.
  Time since last request: 2.996803 seconds.
  path: Assets/Prefabs/Menu_Principal.prefab
  artifactKey: Guid(93531a412c88d1e4e9a13ecebfa863b2) Importer(815301076,1909f56bfc062723c751e8b465ee728b)
Start importing Assets/Prefabs/Menu_Principal.prefab using Guid(93531a412c88d1e4e9a13ecebfa863b2) Importer(815301076,1909f56bfc062723c751e8b465ee728b) (PreviewImporter) -> (artifact id: 'b27b0fa427362bf97f10e6786bf216e5') in 0.0265383 seconds
Number of updated asset objects reloaded before import = 0Number of asset objects unloaded after import = 215

========================================================================
Received Import Request.
  Time since last request: 7.054855 seconds.
  path: Assets/Prefabs/Menu_Principal.prefab
  artifactKey: Guid(93531a412c88d1e4e9a13ecebfa863b2) Importer(815301076,1909f56bfc062723c751e8b465ee728b)
Start importing Assets/Prefabs/Menu_Principal.prefab using Guid(93531a412c88d1e4e9a13ecebfa863b2) Importer(815301076,1909f56bfc062723c751e8b465ee728b) (PreviewImporter) -> (artifact id: '0d1df8313cb527b62c04af20d0951a4e') in 0.0315201 seconds
Number of updated asset objects reloaded before import = 0Number of asset objects unloaded after import = 215

========================================================================
Received Import Request.
  Time since last request: 1.362213 seconds.
  path: Assets/Prefabs/Menu_Principal.prefab
  artifactKey: Guid(93531a412c88d1e4e9a13ecebfa863b2) Importer(815301076,1909f56bfc062723c751e8b465ee728b)
Start importing Assets/Prefabs/Menu_Principal.prefab using Guid(93531a412c88d1e4e9a13ecebfa863b2) Importer(815301076,1909f56bfc062723c751e8b465ee728b) (PreviewImporter) -> (artifact id: '4ec45ccc18175c120411d0d93505452a') in 0.0279122 seconds
Number of updated asset objects reloaded before import = 0Number of asset objects unloaded after import = 215

========================================================================
Received Import Request.
  Time since last request: 3.794932 seconds.
  path: Assets/Prefabs/Menu_Principal.prefab
  artifactKey: Guid(93531a412c88d1e4e9a13ecebfa863b2) Importer(815301076,1909f56bfc062723c751e8b465ee728b)
Start importing Assets/Prefabs/Menu_Principal.prefab using Guid(93531a412c88d1e4e9a13ecebfa863b2) Importer(815301076,1909f56bfc062723c751e8b465ee728b) (PreviewImporter) -> (artifact id: '4bb6c5f0d12914ef1755b4deeafc6885') in 0.0349729 seconds
Number of updated asset objects reloaded before import = 0Number of asset objects unloaded after import = 215

========================================================================
Received Import Request.
  Time since last request: 23.273543 seconds.
  path: Assets/Prefabs/Menu_Principal.prefab
  artifactKey: Guid(93531a412c88d1e4e9a13ecebfa863b2) Importer(815301076,1909f56bfc062723c751e8b465ee728b)
Start importing Assets/Prefabs/Menu_Principal.prefab using Guid(93531a412c88d1e4e9a13ecebfa863b2) Importer(815301076,1909f56bfc062723c751e8b465ee728b) (PreviewImporter) -> (artifact id: '9e509ea40f76995e2e26779e854123ec') in 0.0283802 seconds
Number of updated asset objects reloaded before import = 0Number of asset objects unloaded after import = 215

========================================================================
Received Import Request.
  Time since last request: 3.205526 seconds.
  path: Assets/Prefabs/Menu_Principal.prefab
  artifactKey: Guid(93531a412c88d1e4e9a13ecebfa863b2) Importer(815301076,1909f56bfc062723c751e8b465ee728b)
Start importing Assets/Prefabs/Menu_Principal.prefab using Guid(93531a412c88d1e4e9a13ecebfa863b2) Importer(815301076,1909f56bfc062723c751e8b465ee728b) (PreviewImporter) -> (artifact id: 'ad4090564e6721b2386145fe49ea812d') in 0.0259276 seconds
Number of updated asset objects reloaded before import = 0Number of asset objects unloaded after import = 215

========================================================================
Received Import Request.
  Time since last request: 6.269110 seconds.
  path: Assets/Prefabs/Menu_Principal.prefab
  artifactKey: Guid(93531a412c88d1e4e9a13ecebfa863b2) Importer(815301076,1909f56bfc062723c751e8b465ee728b)
Start importing Assets/Prefabs/Menu_Principal.prefab using Guid(93531a412c88d1e4e9a13ecebfa863b2) Importer(815301076,1909f56bfc062723c751e8b465ee728b) (PreviewImporter) -> (artifact id: '5414e4d3e84a7903ba027b8cc0143ed7') in 0.0313522 seconds
Number of updated asset objects reloaded before import = 0Number of asset objects unloaded after import = 215

========================================================================
Received Import Request.
  Time since last request: 4.796631 seconds.
  path: Assets/Prefabs/Menu_Principal.prefab
  artifactKey: Guid(93531a412c88d1e4e9a13ecebfa863b2) Importer(815301076,1909f56bfc062723c751e8b465ee728b)
Start importing Assets/Prefabs/Menu_Principal.prefab using Guid(93531a412c88d1e4e9a13ecebfa863b2) Importer(815301076,1909f56bfc062723c751e8b465ee728b) (PreviewImporter) -> (artifact id: 'ace5e0a6d3f7046ab7ba724e56414e3b') in 0.0278633 seconds
Number of updated asset objects reloaded before import = 0Number of asset objects unloaded after import = 214

========================================================================
Received Import Request.
  Time since last request: 4.581174 seconds.
  path: Assets/Prefabs/Menu_Principal.prefab
  artifactKey: Guid(93531a412c88d1e4e9a13ecebfa863b2) Importer(815301076,1909f56bfc062723c751e8b465ee728b)
Start importing Assets/Prefabs/Menu_Principal.prefab using Guid(93531a412c88d1e4e9a13ecebfa863b2) Importer(815301076,1909f56bfc062723c751e8b465ee728b) (PreviewImporter) -> (artifact id: 'a38024bee34e707f3d2687e5cc5ca883') in 0.0283023 seconds
Number of updated asset objects reloaded before import = 0Number of asset objects unloaded after import = 214

========================================================================
Received Import Request.
  Time since last request: 1.948247 seconds.
  path: Assets/Prefabs/Menu_Principal.prefab
  artifactKey: Guid(93531a412c88d1e4e9a13ecebfa863b2) Importer(815301076,1909f56bfc062723c751e8b465ee728b)
Start importing Assets/Prefabs/Menu_Principal.prefab using Guid(93531a412c88d1e4e9a13ecebfa863b2) Importer(815301076,1909f56bfc062723c751e8b465ee728b) (PreviewImporter) -> (artifact id: 'b8acc8830f99dd10d056f903285d9434') in 0.0297703 seconds
Number of updated asset objects reloaded before import = 0Number of asset objects unloaded after import = 214

========================================================================
Received Import Request.
  Time since last request: 7.323130 seconds.
  path: Assets/Prefabs/Menu_Principal.prefab
  artifactKey: Guid(93531a412c88d1e4e9a13ecebfa863b2) Importer(815301076,1909f56bfc062723c751e8b465ee728b)
Start importing Assets/Prefabs/Menu_Principal.prefab using Guid(93531a412c88d1e4e9a13ecebfa863b2) Importer(815301076,1909f56bfc062723c751e8b465ee728b) (PreviewImporter) -> (artifact id: 'c27a1a8a73e7864cc05cc29d3d79e704') in 0.0259333 seconds
Number of updated asset objects reloaded before import = 0Number of asset objects unloaded after import = 218

========================================================================
Received Import Request.
  Time since last request: 2.979161 seconds.
  path: Assets/Prefabs/Menu_Principal.prefab
  artifactKey: Guid(93531a412c88d1e4e9a13ecebfa863b2) Importer(815301076,1909f56bfc062723c751e8b465ee728b)
Start importing Assets/Prefabs/Menu_Principal.prefab using Guid(93531a412c88d1e4e9a13ecebfa863b2) Importer(815301076,1909f56bfc062723c751e8b465ee728b) (PreviewImporter) -> (artifact id: '28592cbaf816f6c27abed4907ffa00ed') in 0.0456435 seconds
Number of updated asset objects reloaded before import = 0Number of asset objects unloaded after import = 218

========================================================================
Received Import Request.
  Time since last request: 13.310367 seconds.
  path: Assets/Prefabs/Menu_Principal.prefab
  artifactKey: Guid(93531a412c88d1e4e9a13ecebfa863b2) Importer(815301076,1909f56bfc062723c751e8b465ee728b)
Start importing Assets/Prefabs/Menu_Principal.prefab using Guid(93531a412c88d1e4e9a13ecebfa863b2) Importer(815301076,1909f56bfc062723c751e8b465ee728b) (PreviewImporter) -> (artifact id: '06b4a07b8ca61768bd67d79ebade0eff') in 0.0296961 seconds
Number of updated asset objects reloaded before import = 0Number of asset objects unloaded after import = 218

========================================================================
Received Import Request.
  Time since last request: 1.379998 seconds.
  path: Assets/Prefabs/Menu_Principal.prefab
  artifactKey: Guid(93531a412c88d1e4e9a13ecebfa863b2) Importer(815301076,1909f56bfc062723c751e8b465ee728b)
Start importing Assets/Prefabs/Menu_Principal.prefab using Guid(93531a412c88d1e4e9a13ecebfa863b2) Importer(815301076,1909f56bfc062723c751e8b465ee728b) (PreviewImporter) -> (artifact id: 'f3a607dd937d23d1ab74f2a76abc1ea4') in 0.0374378 seconds
Number of updated asset objects reloaded before import = 0Number of asset objects unloaded after import = 218

========================================================================
Received Import Request.
  Time since last request: 2.811211 seconds.
  path: Assets/Prefabs/Menu_Principal.prefab
  artifactKey: Guid(93531a412c88d1e4e9a13ecebfa863b2) Importer(815301076,1909f56bfc062723c751e8b465ee728b)
Start importing Assets/Prefabs/Menu_Principal.prefab using Guid(93531a412c88d1e4e9a13ecebfa863b2) Importer(815301076,1909f56bfc062723c751e8b465ee728b) (PreviewImporter) -> (artifact id: '825f16c5c6edf1ee84f33bc3e1b696f6') in 0.0316474 seconds
Number of updated asset objects reloaded before import = 0Number of asset objects unloaded after import = 218

========================================================================
Received Import Request.
  Time since last request: 1.389271 seconds.
  path: Assets/Prefabs/Menu_Principal.prefab
  artifactKey: Guid(93531a412c88d1e4e9a13ecebfa863b2) Importer(815301076,1909f56bfc062723c751e8b465ee728b)
Start importing Assets/Prefabs/Menu_Principal.prefab using Guid(93531a412c88d1e4e9a13ecebfa863b2) Importer(815301076,1909f56bfc062723c751e8b465ee728b) (PreviewImporter) -> (artifact id: 'd1ddf36de951fee9e13b9801b4b8bc20') in 0.0262998 seconds
Number of updated asset objects reloaded before import = 0Number of asset objects unloaded after import = 218

========================================================================
Received Import Request.
  Time since last request: 1.332915 seconds.
  path: Assets/Prefabs/Menu_Principal.prefab
  artifactKey: Guid(93531a412c88d1e4e9a13ecebfa863b2) Importer(815301076,1909f56bfc062723c751e8b465ee728b)
Start importing Assets/Prefabs/Menu_Principal.prefab using Guid(93531a412c88d1e4e9a13ecebfa863b2) Importer(815301076,1909f56bfc062723c751e8b465ee728b) (PreviewImporter) -> (artifact id: '6d84474865f4c693602c8fb3d4bb3217') in 0.0293586 seconds
Number of updated asset objects reloaded before import = 0Number of asset objects unloaded after import = 218

========================================================================
Received Import Request.
  Time since last request: 0.340911 seconds.
  path: Assets/Prefabs/Menu_Principal.prefab
  artifactKey: Guid(93531a412c88d1e4e9a13ecebfa863b2) Importer(815301076,1909f56bfc062723c751e8b465ee728b)
Start importing Assets/Prefabs/Menu_Principal.prefab using Guid(93531a412c88d1e4e9a13ecebfa863b2) Importer(815301076,1909f56bfc062723c751e8b465ee728b) (PreviewImporter) -> (artifact id: 'bacaa7402e4b038d63dc53db3aac4f23') in 0.0270764 seconds
Number of updated asset objects reloaded before import = 0Number of asset objects unloaded after import = 218

========================================================================
Received Import Request.
  Time since last request: 0.352592 seconds.
  path: Assets/Prefabs/Menu_Principal.prefab
  artifactKey: Guid(93531a412c88d1e4e9a13ecebfa863b2) Importer(815301076,1909f56bfc062723c751e8b465ee728b)
Start importing Assets/Prefabs/Menu_Principal.prefab using Guid(93531a412c88d1e4e9a13ecebfa863b2) Importer(815301076,1909f56bfc062723c751e8b465ee728b) (PreviewImporter) -> (artifact id: '0ba1f9e03b1b0fa37012ee12730047d0') in 0.0317965 seconds
Number of updated asset objects reloaded before import = 0Number of asset objects unloaded after import = 218

========================================================================
Received Import Request.
  Time since last request: 2.475632 seconds.
  path: Assets/Prefabs/Menu_Principal.prefab
  artifactKey: Guid(93531a412c88d1e4e9a13ecebfa863b2) Importer(815301076,1909f56bfc062723c751e8b465ee728b)
Start importing Assets/Prefabs/Menu_Principal.prefab using Guid(93531a412c88d1e4e9a13ecebfa863b2) Importer(815301076,1909f56bfc062723c751e8b465ee728b) (PreviewImporter) -> (artifact id: 'b9d5e875abbd5f4dd6c33d1f53716910') in 0.0294239 seconds
Number of updated asset objects reloaded before import = 0Number of asset objects unloaded after import = 218

========================================================================
Received Import Request.
  Time since last request: 8.662215 seconds.
  path: Assets/Prefabs/Menu_Principal.prefab
  artifactKey: Guid(93531a412c88d1e4e9a13ecebfa863b2) Importer(815301076,1909f56bfc062723c751e8b465ee728b)
Start importing Assets/Prefabs/Menu_Principal.prefab using Guid(93531a412c88d1e4e9a13ecebfa863b2) Importer(815301076,1909f56bfc062723c751e8b465ee728b) (PreviewImporter) -> (artifact id: '2bec52078bb2b2f6e058c164f937ccd7') in 0.0310487 seconds
Number of updated asset objects reloaded before import = 0Number of asset objects unloaded after import = 218

========================================================================
Received Import Request.
  Time since last request: 15.422305 seconds.
  path: Assets/Prefabs/Menu_Principal.prefab
  artifactKey: Guid(93531a412c88d1e4e9a13ecebfa863b2) Importer(815301076,1909f56bfc062723c751e8b465ee728b)
Start importing Assets/Prefabs/Menu_Principal.prefab using Guid(93531a412c88d1e4e9a13ecebfa863b2) Importer(815301076,1909f56bfc062723c751e8b465ee728b) (PreviewImporter) -> (artifact id: '1403f31d434f0985461f11b8b6326f3c') in 0.0332782 seconds
Number of updated asset objects reloaded before import = 0Number of asset objects unloaded after import = 218

========================================================================
Received Import Request.
  Time since last request: 82.045129 seconds.
  path: Assets/Prefabs/Menu_Principal.prefab
  artifactKey: Guid(93531a412c88d1e4e9a13ecebfa863b2) Importer(815301076,1909f56bfc062723c751e8b465ee728b)
Start importing Assets/Prefabs/Menu_Principal.prefab using Guid(93531a412c88d1e4e9a13ecebfa863b2) Importer(815301076,1909f56bfc062723c751e8b465ee728b) (PreviewImporter) -> (artifact id: '4d96d4a69b2c33db60d7787e14f07a4c') in 0.0291777 seconds
Number of updated asset objects reloaded before import = 0Number of asset objects unloaded after import = 218

========================================================================
Received Import Request.
  Time since last request: 15.836308 seconds.
  path: Assets/Prefabs/Menu_Principal.prefab
  artifactKey: Guid(93531a412c88d1e4e9a13ecebfa863b2) Importer(815301076,1909f56bfc062723c751e8b465ee728b)
Start importing Assets/Prefabs/Menu_Principal.prefab using Guid(93531a412c88d1e4e9a13ecebfa863b2) Importer(815301076,1909f56bfc062723c751e8b465ee728b) (PreviewImporter) -> (artifact id: '87a8e8cedb094a378ca096735fb280b2') in 0.0268139 seconds
Number of updated asset objects reloaded before import = 0Number of asset objects unloaded after import = 218

========================================================================
Received Import Request.
  Time since last request: 1.170523 seconds.
  path: Assets/Prefabs/Menu_Principal.prefab
  artifactKey: Guid(93531a412c88d1e4e9a13ecebfa863b2) Importer(815301076,1909f56bfc062723c751e8b465ee728b)
Start importing Assets/Prefabs/Menu_Principal.prefab using Guid(93531a412c88d1e4e9a13ecebfa863b2) Importer(815301076,1909f56bfc062723c751e8b465ee728b) (PreviewImporter) -> (artifact id: '4be93888322c99beb087c6828166196f') in 0.039276 seconds
Number of updated asset objects reloaded before import = 0Number of asset objects unloaded after import = 218

========================================================================
Received Import Request.
  Time since last request: 2.131407 seconds.
  path: Assets/Prefabs/Menu_Principal.prefab
  artifactKey: Guid(93531a412c88d1e4e9a13ecebfa863b2) Importer(815301076,1909f56bfc062723c751e8b465ee728b)
Start importing Assets/Prefabs/Menu_Principal.prefab using Guid(93531a412c88d1e4e9a13ecebfa863b2) Importer(815301076,1909f56bfc062723c751e8b465ee728b) (PreviewImporter) -> (artifact id: '21ec2d65be6ed74dc01dae739fdc9781') in 0.0262894 seconds
Number of updated asset objects reloaded before import = 0Number of asset objects unloaded after import = 218

========================================================================
Received Import Request.
  Time since last request: 2.222521 seconds.
  path: Assets/Prefabs/Menu_Principal.prefab
  artifactKey: Guid(93531a412c88d1e4e9a13ecebfa863b2) Importer(815301076,1909f56bfc062723c751e8b465ee728b)
Start importing Assets/Prefabs/Menu_Principal.prefab using Guid(93531a412c88d1e4e9a13ecebfa863b2) Importer(815301076,1909f56bfc062723c751e8b465ee728b) (PreviewImporter) -> (artifact id: '286a082b931099d4b8db9c78b0fb8fd7') in 0.0287361 seconds
Number of updated asset objects reloaded before import = 0Number of asset objects unloaded after import = 218

========================================================================
Received Import Request.
  Time since last request: 4.393469 seconds.
  path: Assets/Prefabs/Menu_Principal.prefab
  artifactKey: Guid(93531a412c88d1e4e9a13ecebfa863b2) Importer(815301076,1909f56bfc062723c751e8b465ee728b)
Start importing Assets/Prefabs/Menu_Principal.prefab using Guid(93531a412c88d1e4e9a13ecebfa863b2) Importer(815301076,1909f56bfc062723c751e8b465ee728b) (PreviewImporter) -> (artifact id: '9abec1f9c976c642e0f49fdaef049173') in 0.0292681 seconds
Number of updated asset objects reloaded before import = 0Number of asset objects unloaded after import = 218

========================================================================
Received Import Request.
  Time since last request: 10.058988 seconds.
  path: Assets/Prefabs/Menu_Principal.prefab
  artifactKey: Guid(93531a412c88d1e4e9a13ecebfa863b2) Importer(815301076,1909f56bfc062723c751e8b465ee728b)
Start importing Assets/Prefabs/Menu_Principal.prefab using Guid(93531a412c88d1e4e9a13ecebfa863b2) Importer(815301076,1909f56bfc062723c751e8b465ee728b) (PreviewImporter) -> (artifact id: '56d7d6daa58800327da08c2a3e4c9608') in 0.0245195 seconds
Number of updated asset objects reloaded before import = 0Number of asset objects unloaded after import = 218

========================================================================
Received Import Request.
  Time since last request: 2.043905 seconds.
  path: Assets/Prefabs/Menu_Principal.prefab
  artifactKey: Guid(93531a412c88d1e4e9a13ecebfa863b2) Importer(815301076,1909f56bfc062723c751e8b465ee728b)
Start importing Assets/Prefabs/Menu_Principal.prefab using Guid(93531a412c88d1e4e9a13ecebfa863b2) Importer(815301076,1909f56bfc062723c751e8b465ee728b) (PreviewImporter) -> (artifact id: '86e9966c712ec1ddd74ee09d55ffad15') in 0.027369 seconds
Number of updated asset objects reloaded before import = 0Number of asset objects unloaded after import = 218

========================================================================
Received Import Request.
  Time since last request: 7.338892 seconds.
  path: Assets/Prefabs/Menu_Principal.prefab
  artifactKey: Guid(93531a412c88d1e4e9a13ecebfa863b2) Importer(815301076,1909f56bfc062723c751e8b465ee728b)
Start importing Assets/Prefabs/Menu_Principal.prefab using Guid(93531a412c88d1e4e9a13ecebfa863b2) Importer(815301076,1909f56bfc062723c751e8b465ee728b) (PreviewImporter) -> (artifact id: 'dd5f7bc82597f5a4464dab27cef7d7b2') in 0.0299459 seconds
Number of updated asset objects reloaded before import = 0Number of asset objects unloaded after import = 218

========================================================================
Received Import Request.
  Time since last request: 1.514511 seconds.
  path: Assets/Prefabs/Menu_Principal.prefab
  artifactKey: Guid(93531a412c88d1e4e9a13ecebfa863b2) Importer(815301076,1909f56bfc062723c751e8b465ee728b)
Start importing Assets/Prefabs/Menu_Principal.prefab using Guid(93531a412c88d1e4e9a13ecebfa863b2) Importer(815301076,1909f56bfc062723c751e8b465ee728b) (PreviewImporter) -> (artifact id: '9144130fc58dc843831da41ae99c0934') in 0.0272548 seconds
Number of updated asset objects reloaded before import = 0Number of asset objects unloaded after import = 218

========================================================================
Received Import Request.
  Time since last request: 2.740131 seconds.
  path: Assets/Prefabs/Menu_Principal.prefab
  artifactKey: Guid(93531a412c88d1e4e9a13ecebfa863b2) Importer(815301076,1909f56bfc062723c751e8b465ee728b)
Start importing Assets/Prefabs/Menu_Principal.prefab using Guid(93531a412c88d1e4e9a13ecebfa863b2) Importer(815301076,1909f56bfc062723c751e8b465ee728b) (PreviewImporter) -> (artifact id: 'a0480439bcba9d2ccb20f662d3397a21') in 0.0259854 seconds
Number of updated asset objects reloaded before import = 0Number of asset objects unloaded after import = 218

========================================================================
Received Import Request.
  Time since last request: 5.398790 seconds.
  path: Assets/Prefabs/Menu_Principal.prefab
  artifactKey: Guid(93531a412c88d1e4e9a13ecebfa863b2) Importer(815301076,1909f56bfc062723c751e8b465ee728b)
Start importing Assets/Prefabs/Menu_Principal.prefab using Guid(93531a412c88d1e4e9a13ecebfa863b2) Importer(815301076,1909f56bfc062723c751e8b465ee728b) (PreviewImporter) -> (artifact id: '6b7ec82614afd7494948d16ece63f7f7') in 0.0283429 seconds
Number of updated asset objects reloaded before import = 0Number of asset objects unloaded after import = 218

========================================================================
Received Import Request.
  Time since last request: 3.193981 seconds.
  path: Assets/Prefabs/Menu_Principal.prefab
  artifactKey: Guid(93531a412c88d1e4e9a13ecebfa863b2) Importer(815301076,1909f56bfc062723c751e8b465ee728b)
Start importing Assets/Prefabs/Menu_Principal.prefab using Guid(93531a412c88d1e4e9a13ecebfa863b2) Importer(815301076,1909f56bfc062723c751e8b465ee728b) (PreviewImporter) -> (artifact id: '0bea831e9cf99cb16be034acd56b9b4b') in 0.031533 seconds
Number of updated asset objects reloaded before import = 0Number of asset objects unloaded after import = 218

========================================================================
Received Import Request.
  Time since last request: 3.217925 seconds.
  path: Assets/Prefabs/Menu_Principal.prefab
  artifactKey: Guid(93531a412c88d1e4e9a13ecebfa863b2) Importer(815301076,1909f56bfc062723c751e8b465ee728b)
Start importing Assets/Prefabs/Menu_Principal.prefab using Guid(93531a412c88d1e4e9a13ecebfa863b2) Importer(815301076,1909f56bfc062723c751e8b465ee728b) (PreviewImporter) -> (artifact id: '986708bcb957bd940dfd0e272dd9528a') in 0.0309586 seconds
Number of updated asset objects reloaded before import = 0Number of asset objects unloaded after import = 218

========================================================================
Received Import Request.
  Time since last request: 1.377303 seconds.
  path: Assets/Prefabs/Menu_Principal.prefab
  artifactKey: Guid(93531a412c88d1e4e9a13ecebfa863b2) Importer(815301076,1909f56bfc062723c751e8b465ee728b)
Start importing Assets/Prefabs/Menu_Principal.prefab using Guid(93531a412c88d1e4e9a13ecebfa863b2) Importer(815301076,1909f56bfc062723c751e8b465ee728b) (PreviewImporter) -> (artifact id: '4cb9ad1ccb361be5482a9f672e0df24f') in 0.0285879 seconds
Number of updated asset objects reloaded before import = 0Number of asset objects unloaded after import = 218

========================================================================
Received Import Request.
  Time since last request: 6.129493 seconds.
  path: Assets/Prefabs/Menu_Principal.prefab
  artifactKey: Guid(93531a412c88d1e4e9a13ecebfa863b2) Importer(815301076,1909f56bfc062723c751e8b465ee728b)
Start importing Assets/Prefabs/Menu_Principal.prefab using Guid(93531a412c88d1e4e9a13ecebfa863b2) Importer(815301076,1909f56bfc062723c751e8b465ee728b) (PreviewImporter) -> (artifact id: '06f190f6a57a8d06ffc8cdbd078eec36') in 0.0298057 seconds
Number of updated asset objects reloaded before import = 0Number of asset objects unloaded after import = 223

========================================================================
Received Import Request.
  Time since last request: 3.016787 seconds.
  path: Assets/Prefabs/Menu_Principal.prefab
  artifactKey: Guid(93531a412c88d1e4e9a13ecebfa863b2) Importer(815301076,1909f56bfc062723c751e8b465ee728b)
Start importing Assets/Prefabs/Menu_Principal.prefab using Guid(93531a412c88d1e4e9a13ecebfa863b2) Importer(815301076,1909f56bfc062723c751e8b465ee728b) (PreviewImporter) -> (artifact id: '6d95b659ceeaf03fe18f6780816dd25b') in 0.0310529 seconds
Number of updated asset objects reloaded before import = 0Number of asset objects unloaded after import = 223

========================================================================
Received Import Request.
  Time since last request: 7.852065 seconds.
  path: Assets/Prefabs/Menu_Principal.prefab
  artifactKey: Guid(93531a412c88d1e4e9a13ecebfa863b2) Importer(815301076,1909f56bfc062723c751e8b465ee728b)
Start importing Assets/Prefabs/Menu_Principal.prefab using Guid(93531a412c88d1e4e9a13ecebfa863b2) Importer(815301076,1909f56bfc062723c751e8b465ee728b) (PreviewImporter) -> (artifact id: 'd1db14b5faccc3cb1676afc902ce9f11') in 0.0286034 seconds
Number of updated asset objects reloaded before import = 0Number of asset objects unloaded after import = 223

========================================================================
Received Import Request.
  Time since last request: 5.798941 seconds.
  path: Assets/Prefabs/Menu_Principal.prefab
  artifactKey: Guid(93531a412c88d1e4e9a13ecebfa863b2) Importer(815301076,1909f56bfc062723c751e8b465ee728b)
Start importing Assets/Prefabs/Menu_Principal.prefab using Guid(93531a412c88d1e4e9a13ecebfa863b2) Importer(815301076,1909f56bfc062723c751e8b465ee728b) (PreviewImporter) -> (artifact id: 'df9bec3f639cbd251f27c3ddf501d67e') in 0.0276307 seconds
Number of updated asset objects reloaded before import = 0Number of asset objects unloaded after import = 223

========================================================================
Received Import Request.
  Time since last request: 5.191671 seconds.
  path: Assets/Prefabs/Menu_Principal.prefab
  artifactKey: Guid(93531a412c88d1e4e9a13ecebfa863b2) Importer(815301076,1909f56bfc062723c751e8b465ee728b)
Start importing Assets/Prefabs/Menu_Principal.prefab using Guid(93531a412c88d1e4e9a13ecebfa863b2) Importer(815301076,1909f56bfc062723c751e8b465ee728b) (PreviewImporter) -> (artifact id: '40b2849ae6cad48ef0d5c239f308f620') in 0.0318952 seconds
Number of updated asset objects reloaded before import = 0Number of asset objects unloaded after import = 223

========================================================================
Received Import Request.
  Time since last request: 2.515076 seconds.
  path: Assets/Prefabs/Menu_Principal.prefab
  artifactKey: Guid(93531a412c88d1e4e9a13ecebfa863b2) Importer(815301076,1909f56bfc062723c751e8b465ee728b)
Start importing Assets/Prefabs/Menu_Principal.prefab using Guid(93531a412c88d1e4e9a13ecebfa863b2) Importer(815301076,1909f56bfc062723c751e8b465ee728b) (PreviewImporter) -> (artifact id: 'fbf815d6d0e6cd064a8fa0d2263f4217') in 0.0284488 seconds
Number of updated asset objects reloaded before import = 0Number of asset objects unloaded after import = 223

========================================================================
Received Import Request.
  Time since last request: 14.699506 seconds.
  path: Assets/Prefabs/Menu_Principal.prefab
  artifactKey: Guid(93531a412c88d1e4e9a13ecebfa863b2) Importer(815301076,1909f56bfc062723c751e8b465ee728b)
Start importing Assets/Prefabs/Menu_Principal.prefab using Guid(93531a412c88d1e4e9a13ecebfa863b2) Importer(815301076,1909f56bfc062723c751e8b465ee728b) (PreviewImporter) -> (artifact id: '6ae97b9dfc66ba9c60af1c44029cafc2') in 0.0310932 seconds
Number of updated asset objects reloaded before import = 0Number of asset objects unloaded after import = 223

========================================================================
Received Import Request.
  Time since last request: 1.337853 seconds.
  path: Assets/Prefabs/Menu_Principal.prefab
  artifactKey: Guid(93531a412c88d1e4e9a13ecebfa863b2) Importer(815301076,1909f56bfc062723c751e8b465ee728b)
Start importing Assets/Prefabs/Menu_Principal.prefab using Guid(93531a412c88d1e4e9a13ecebfa863b2) Importer(815301076,1909f56bfc062723c751e8b465ee728b) (PreviewImporter) -> (artifact id: '4b85c942aecf2f51263530ea4cd8695b') in 0.0296071 seconds
Number of updated asset objects reloaded before import = 0Number of asset objects unloaded after import = 223

========================================================================
Received Import Request.
  Time since last request: 3.052978 seconds.
  path: Assets/Prefabs/Menu_Principal.prefab
  artifactKey: Guid(93531a412c88d1e4e9a13ecebfa863b2) Importer(815301076,1909f56bfc062723c751e8b465ee728b)
Start importing Assets/Prefabs/Menu_Principal.prefab using Guid(93531a412c88d1e4e9a13ecebfa863b2) Importer(815301076,1909f56bfc062723c751e8b465ee728b) (PreviewImporter) -> (artifact id: 'c482976c8c33eeb04d010b1c770cfeb0') in 0.0273617 seconds
Number of updated asset objects reloaded before import = 0Number of asset objects unloaded after import = 219

========================================================================
Received Import Request.
  Time since last request: 5.212227 seconds.
  path: Assets/Prefabs/Menu_Principal.prefab
  artifactKey: Guid(93531a412c88d1e4e9a13ecebfa863b2) Importer(815301076,1909f56bfc062723c751e8b465ee728b)
Start importing Assets/Prefabs/Menu_Principal.prefab using Guid(93531a412c88d1e4e9a13ecebfa863b2) Importer(815301076,1909f56bfc062723c751e8b465ee728b) (PreviewImporter) -> (artifact id: 'dd4e5d8982918acbbf736dd6cb907f85') in 0.0336142 seconds
Number of updated asset objects reloaded before import = 0Number of asset objects unloaded after import = 219

========================================================================
Received Import Request.
  Time since last request: 2.157285 seconds.
  path: Assets/Prefabs/Menu_Principal.prefab
  artifactKey: Guid(93531a412c88d1e4e9a13ecebfa863b2) Importer(815301076,1909f56bfc062723c751e8b465ee728b)
Start importing Assets/Prefabs/Menu_Principal.prefab using Guid(93531a412c88d1e4e9a13ecebfa863b2) Importer(815301076,1909f56bfc062723c751e8b465ee728b) (PreviewImporter) -> (artifact id: '6a3dc4cae689424bb3839459f98028df') in 0.0294334 seconds
Number of updated asset objects reloaded before import = 0Number of asset objects unloaded after import = 219

========================================================================
Received Import Request.
  Time since last request: 0.347750 seconds.
  path: Assets/Prefabs/Menu_Principal.prefab
  artifactKey: Guid(93531a412c88d1e4e9a13ecebfa863b2) Importer(815301076,1909f56bfc062723c751e8b465ee728b)
Start importing Assets/Prefabs/Menu_Principal.prefab using Guid(93531a412c88d1e4e9a13ecebfa863b2) Importer(815301076,1909f56bfc062723c751e8b465ee728b) (PreviewImporter) -> (artifact id: 'a7115314b700952522e4da30d23a9328') in 0.032769 seconds
Number of updated asset objects reloaded before import = 0Number of asset objects unloaded after import = 219

========================================================================
Received Import Request.
  Time since last request: 1.166243 seconds.
  path: Assets/Prefabs/Menu_Principal.prefab
  artifactKey: Guid(93531a412c88d1e4e9a13ecebfa863b2) Importer(815301076,1909f56bfc062723c751e8b465ee728b)
Start importing Assets/Prefabs/Menu_Principal.prefab using Guid(93531a412c88d1e4e9a13ecebfa863b2) Importer(815301076,1909f56bfc062723c751e8b465ee728b) (PreviewImporter) -> (artifact id: '9ce67b4650fdbf49b0e562853e0dd329') in 0.0366826 seconds
Number of updated asset objects reloaded before import = 0Number of asset objects unloaded after import = 219

========================================================================
Received Import Request.
  Time since last request: 2.106642 seconds.
  path: Assets/Prefabs/Menu_Principal.prefab
  artifactKey: Guid(93531a412c88d1e4e9a13ecebfa863b2) Importer(815301076,1909f56bfc062723c751e8b465ee728b)
Start importing Assets/Prefabs/Menu_Principal.prefab using Guid(93531a412c88d1e4e9a13ecebfa863b2) Importer(815301076,1909f56bfc062723c751e8b465ee728b) (PreviewImporter) -> (artifact id: '319ee62fcc29467079cba4b5f3e89f97') in 0.0289655 seconds
Number of updated asset objects reloaded before import = 0Number of asset objects unloaded after import = 219

========================================================================
Received Import Request.
  Time since last request: 5.020643 seconds.
  path: Assets/Prefabs/Menu_Principal.prefab
  artifactKey: Guid(93531a412c88d1e4e9a13ecebfa863b2) Importer(815301076,1909f56bfc062723c751e8b465ee728b)
Start importing Assets/Prefabs/Menu_Principal.prefab using Guid(93531a412c88d1e4e9a13ecebfa863b2) Importer(815301076,1909f56bfc062723c751e8b465ee728b) (PreviewImporter) -> (artifact id: '3f57621d1e80dabace3c9024a1835681') in 0.0288865 seconds
Number of updated asset objects reloaded before import = 0Number of asset objects unloaded after import = 219

========================================================================
Received Import Request.
  Time since last request: 0.511229 seconds.
  path: Assets/Prefabs/Menu_Principal.prefab
  artifactKey: Guid(93531a412c88d1e4e9a13ecebfa863b2) Importer(815301076,1909f56bfc062723c751e8b465ee728b)
Start importing Assets/Prefabs/Menu_Principal.prefab using Guid(93531a412c88d1e4e9a13ecebfa863b2) Importer(815301076,1909f56bfc062723c751e8b465ee728b) (PreviewImporter) -> (artifact id: 'f72db80663b829ce4f4cf793a66cf4aa') in 0.0280146 seconds
Number of updated asset objects reloaded before import = 0Number of asset objects unloaded after import = 219

========================================================================
Received Import Request.
  Time since last request: 15.558950 seconds.
  path: Assets/Prefabs/Menu_Principal.prefab
  artifactKey: Guid(93531a412c88d1e4e9a13ecebfa863b2) Importer(815301076,1909f56bfc062723c751e8b465ee728b)
Start importing Assets/Prefabs/Menu_Principal.prefab using Guid(93531a412c88d1e4e9a13ecebfa863b2) Importer(815301076,1909f56bfc062723c751e8b465ee728b) (PreviewImporter) -> (artifact id: '61143b0feb787ee51cca3d78550cc252') in 0.0300428 seconds
Number of updated asset objects reloaded before import = 0Number of asset objects unloaded after import = 221

========================================================================
Received Import Request.
  Time since last request: 8.917723 seconds.
  path: Assets/Prefabs/Menu_Principal.prefab
  artifactKey: Guid(93531a412c88d1e4e9a13ecebfa863b2) Importer(815301076,1909f56bfc062723c751e8b465ee728b)
Start importing Assets/Prefabs/Menu_Principal.prefab using Guid(93531a412c88d1e4e9a13ecebfa863b2) Importer(815301076,1909f56bfc062723c751e8b465ee728b) (PreviewImporter) -> (artifact id: 'e5a0ada34bafc74fed978c38c15f8acc') in 0.0357361 seconds
Number of updated asset objects reloaded before import = 0Number of asset objects unloaded after import = 221

========================================================================
Received Import Request.
  Time since last request: 1.381797 seconds.
  path: Assets/Prefabs/Menu_Principal.prefab
  artifactKey: Guid(93531a412c88d1e4e9a13ecebfa863b2) Importer(815301076,1909f56bfc062723c751e8b465ee728b)
Start importing Assets/Prefabs/Menu_Principal.prefab using Guid(93531a412c88d1e4e9a13ecebfa863b2) Importer(815301076,1909f56bfc062723c751e8b465ee728b) (PreviewImporter) -> (artifact id: '249d671287a23ae9b32cc61df04ec659') in 0.025992 seconds
Number of updated asset objects reloaded before import = 0Number of asset objects unloaded after import = 215

========================================================================
Received Import Request.
  Time since last request: 5.643511 seconds.
  path: Assets/Prefabs/Menu_Principal.prefab
  artifactKey: Guid(93531a412c88d1e4e9a13ecebfa863b2) Importer(815301076,1909f56bfc062723c751e8b465ee728b)
Start importing Assets/Prefabs/Menu_Principal.prefab using Guid(93531a412c88d1e4e9a13ecebfa863b2) Importer(815301076,1909f56bfc062723c751e8b465ee728b) (PreviewImporter) -> (artifact id: '1da98865117e9228f73d49711f288863') in 0.0255881 seconds
Number of updated asset objects reloaded before import = 0Number of asset objects unloaded after import = 215

========================================================================
Received Import Request.
  Time since last request: 0.738670 seconds.
  path: Assets/Prefabs/Menu_Principal.prefab
  artifactKey: Guid(93531a412c88d1e4e9a13ecebfa863b2) Importer(815301076,1909f56bfc062723c751e8b465ee728b)
Start importing Assets/Prefabs/Menu_Principal.prefab using Guid(93531a412c88d1e4e9a13ecebfa863b2) Importer(815301076,1909f56bfc062723c751e8b465ee728b) (PreviewImporter) -> (artifact id: 'a757ff7f0944827677cc496def699fee') in 0.0276485 seconds
Number of updated asset objects reloaded before import = 0Number of asset objects unloaded after import = 215

========================================================================
Received Import Request.
  Time since last request: 0.958646 seconds.
  path: Assets/Prefabs/Menu_Principal.prefab
  artifactKey: Guid(93531a412c88d1e4e9a13ecebfa863b2) Importer(815301076,1909f56bfc062723c751e8b465ee728b)
Start importing Assets/Prefabs/Menu_Principal.prefab using Guid(93531a412c88d1e4e9a13ecebfa863b2) Importer(815301076,1909f56bfc062723c751e8b465ee728b) (PreviewImporter) -> (artifact id: '7c8e855aa133ccbcd6a06809c0b60b15') in 0.0280954 seconds
Number of updated asset objects reloaded before import = 0Number of asset objects unloaded after import = 215

========================================================================
Received Import Request.
  Time since last request: 0.508680 seconds.
  path: Assets/Prefabs/Menu_Principal.prefab
  artifactKey: Guid(93531a412c88d1e4e9a13ecebfa863b2) Importer(815301076,1909f56bfc062723c751e8b465ee728b)
Start importing Assets/Prefabs/Menu_Principal.prefab using Guid(93531a412c88d1e4e9a13ecebfa863b2) Importer(815301076,1909f56bfc062723c751e8b465ee728b) (PreviewImporter) -> (artifact id: 'fe7bb430a5f191353d59a73dabe745ce') in 0.0274616 seconds
Number of updated asset objects reloaded before import = 0Number of asset objects unloaded after import = 215

========================================================================
Received Import Request.
  Time since last request: 3.028379 seconds.
  path: Assets/Prefabs/Menu_Principal.prefab
  artifactKey: Guid(93531a412c88d1e4e9a13ecebfa863b2) Importer(815301076,1909f56bfc062723c751e8b465ee728b)
Start importing Assets/Prefabs/Menu_Principal.prefab using Guid(93531a412c88d1e4e9a13ecebfa863b2) Importer(815301076,1909f56bfc062723c751e8b465ee728b) (PreviewImporter) -> (artifact id: 'd25f99cf8104d167bd7bbfaa779fb774') in 0.0294037 seconds
Number of updated asset objects reloaded before import = 0Number of asset objects unloaded after import = 215

========================================================================
Received Import Request.
  Time since last request: 3.473850 seconds.
  path: Assets/Prefabs/Menu_Principal.prefab
  artifactKey: Guid(93531a412c88d1e4e9a13ecebfa863b2) Importer(815301076,1909f56bfc062723c751e8b465ee728b)
Start importing Assets/Prefabs/Menu_Principal.prefab using Guid(93531a412c88d1e4e9a13ecebfa863b2) Importer(815301076,1909f56bfc062723c751e8b465ee728b) (PreviewImporter) -> (artifact id: '3732ce4c6a94b19f61340ab4373e8706') in 0.026476 seconds
Number of updated asset objects reloaded before import = 0Number of asset objects unloaded after import = 219

========================================================================
Received Import Request.
  Time since last request: 1.365277 seconds.
  path: Assets/Prefabs/Menu_Principal.prefab
  artifactKey: Guid(93531a412c88d1e4e9a13ecebfa863b2) Importer(815301076,1909f56bfc062723c751e8b465ee728b)
Start importing Assets/Prefabs/Menu_Principal.prefab using Guid(93531a412c88d1e4e9a13ecebfa863b2) Importer(815301076,1909f56bfc062723c751e8b465ee728b) (PreviewImporter) -> (artifact id: '7e50ce4fc20d5df99f7f7fc346ce6dff') in 0.0272108 seconds
Number of updated asset objects reloaded before import = 0Number of asset objects unloaded after import = 219

========================================================================
Received Import Request.
  Time since last request: 6.240510 seconds.
  path: Assets/Prefabs/Menu_Principal.prefab
  artifactKey: Guid(93531a412c88d1e4e9a13ecebfa863b2) Importer(815301076,1909f56bfc062723c751e8b465ee728b)
Start importing Assets/Prefabs/Menu_Principal.prefab using Guid(93531a412c88d1e4e9a13ecebfa863b2) Importer(815301076,1909f56bfc062723c751e8b465ee728b) (PreviewImporter) -> (artifact id: '2d0ec51c10d74ecb101ba36f8426239d') in 0.0249719 seconds
Number of updated asset objects reloaded before import = 0Number of asset objects unloaded after import = 219

========================================================================
Received Import Request.
  Time since last request: 2.549429 seconds.
  path: Assets/Prefabs/Menu_Principal.prefab
  artifactKey: Guid(93531a412c88d1e4e9a13ecebfa863b2) Importer(815301076,1909f56bfc062723c751e8b465ee728b)
Start importing Assets/Prefabs/Menu_Principal.prefab using Guid(93531a412c88d1e4e9a13ecebfa863b2) Importer(815301076,1909f56bfc062723c751e8b465ee728b) (PreviewImporter) -> (artifact id: 'dad86125bfbced99c78f796c6607aca0') in 0.0307405 seconds
Number of updated asset objects reloaded before import = 0Number of asset objects unloaded after import = 219

========================================================================
Received Import Request.
  Time since last request: 1.347362 seconds.
  path: Assets/Prefabs/Menu_Principal.prefab
  artifactKey: Guid(93531a412c88d1e4e9a13ecebfa863b2) Importer(815301076,1909f56bfc062723c751e8b465ee728b)
Start importing Assets/Prefabs/Menu_Principal.prefab using Guid(93531a412c88d1e4e9a13ecebfa863b2) Importer(815301076,1909f56bfc062723c751e8b465ee728b) (PreviewImporter) -> (artifact id: '15161a5f2a80f16b559edee27ee1738f') in 0.0284986 seconds
Number of updated asset objects reloaded before import = 0Number of asset objects unloaded after import = 219

========================================================================
Received Import Request.
  Time since last request: 1.176292 seconds.
  path: Assets/Prefabs/Menu_Principal.prefab
  artifactKey: Guid(93531a412c88d1e4e9a13ecebfa863b2) Importer(815301076,1909f56bfc062723c751e8b465ee728b)
Start importing Assets/Prefabs/Menu_Principal.prefab using Guid(93531a412c88d1e4e9a13ecebfa863b2) Importer(815301076,1909f56bfc062723c751e8b465ee728b) (PreviewImporter) -> (artifact id: 'da53db0e34e59df82dbbea21dad92d8c') in 0.0340963 seconds
Number of updated asset objects reloaded before import = 0Number of asset objects unloaded after import = 219

========================================================================
Received Import Request.
  Time since last request: 0.725428 seconds.
  path: Assets/Prefabs/Menu_Principal.prefab
  artifactKey: Guid(93531a412c88d1e4e9a13ecebfa863b2) Importer(815301076,1909f56bfc062723c751e8b465ee728b)
Start importing Assets/Prefabs/Menu_Principal.prefab using Guid(93531a412c88d1e4e9a13ecebfa863b2) Importer(815301076,1909f56bfc062723c751e8b465ee728b) (PreviewImporter) -> (artifact id: '856c37c89bd3316df63d3e86b496c147') in 0.0311419 seconds
Number of updated asset objects reloaded before import = 0Number of asset objects unloaded after import = 219

========================================================================
Received Import Request.
  Time since last request: 2.542933 seconds.
  path: Assets/Prefabs/Menu_Principal.prefab
  artifactKey: Guid(93531a412c88d1e4e9a13ecebfa863b2) Importer(815301076,1909f56bfc062723c751e8b465ee728b)
Start importing Assets/Prefabs/Menu_Principal.prefab using Guid(93531a412c88d1e4e9a13ecebfa863b2) Importer(815301076,1909f56bfc062723c751e8b465ee728b) (PreviewImporter) -> (artifact id: '3a15097b70d5b8df4924120110e5d09f') in 0.0317648 seconds
Number of updated asset objects reloaded before import = 0Number of asset objects unloaded after import = 219

========================================================================
Received Import Request.
  Time since last request: 2.556030 seconds.
  path: Assets/Prefabs/Menu_Principal.prefab
  artifactKey: Guid(93531a412c88d1e4e9a13ecebfa863b2) Importer(815301076,1909f56bfc062723c751e8b465ee728b)
Start importing Assets/Prefabs/Menu_Principal.prefab using Guid(93531a412c88d1e4e9a13ecebfa863b2) Importer(815301076,1909f56bfc062723c751e8b465ee728b) (PreviewImporter) -> (artifact id: '2290bac443df643b569f59cb57a82be5') in 0.037055 seconds
Number of updated asset objects reloaded before import = 0Number of asset objects unloaded after import = 219

========================================================================
Received Import Request.
  Time since last request: 4.157355 seconds.
  path: Assets/Prefabs/Menu_Principal.prefab
  artifactKey: Guid(93531a412c88d1e4e9a13ecebfa863b2) Importer(815301076,1909f56bfc062723c751e8b465ee728b)
Start importing Assets/Prefabs/Menu_Principal.prefab using Guid(93531a412c88d1e4e9a13ecebfa863b2) Importer(815301076,1909f56bfc062723c751e8b465ee728b) (PreviewImporter) -> (artifact id: 'd1d0c56761843311338c8d2e8009c014') in 0.0260172 seconds
Number of updated asset objects reloaded before import = 0Number of asset objects unloaded after import = 219

========================================================================
Received Import Request.
  Time since last request: 1.945152 seconds.
  path: Assets/Prefabs/Menu_Principal.prefab
  artifactKey: Guid(93531a412c88d1e4e9a13ecebfa863b2) Importer(815301076,1909f56bfc062723c751e8b465ee728b)
Start importing Assets/Prefabs/Menu_Principal.prefab using Guid(93531a412c88d1e4e9a13ecebfa863b2) Importer(815301076,1909f56bfc062723c751e8b465ee728b) (PreviewImporter) -> (artifact id: '9ef617177f0e02e963dda7d342556076') in 0.0386462 seconds
Number of updated asset objects reloaded before import = 0Number of asset objects unloaded after import = 219

========================================================================
Received Import Request.
  Time since last request: 1.310206 seconds.
  path: Assets/Prefabs/Menu_Principal.prefab
  artifactKey: Guid(93531a412c88d1e4e9a13ecebfa863b2) Importer(815301076,1909f56bfc062723c751e8b465ee728b)
Start importing Assets/Prefabs/Menu_Principal.prefab using Guid(93531a412c88d1e4e9a13ecebfa863b2) Importer(815301076,1909f56bfc062723c751e8b465ee728b) (PreviewImporter) -> (artifact id: '7b849921984c4186f99e9eb3481ef099') in 0.0334672 seconds
Number of updated asset objects reloaded before import = 0Number of asset objects unloaded after import = 219

========================================================================
Received Import Request.
  Time since last request: 0.308289 seconds.
  path: Assets/Prefabs/Menu_Principal.prefab
  artifactKey: Guid(93531a412c88d1e4e9a13ecebfa863b2) Importer(815301076,1909f56bfc062723c751e8b465ee728b)
Start importing Assets/Prefabs/Menu_Principal.prefab using Guid(93531a412c88d1e4e9a13ecebfa863b2) Importer(815301076,1909f56bfc062723c751e8b465ee728b) (PreviewImporter) -> (artifact id: '5f04cf86cca091a76cd5c939aab3baf0') in 0.024901 seconds
Number of updated asset objects reloaded before import = 0Number of asset objects unloaded after import = 219

========================================================================
Received Import Request.
  Time since last request: 1.961943 seconds.
  path: Assets/Prefabs/Menu_Principal.prefab
  artifactKey: Guid(93531a412c88d1e4e9a13ecebfa863b2) Importer(815301076,1909f56bfc062723c751e8b465ee728b)
Start importing Assets/Prefabs/Menu_Principal.prefab using Guid(93531a412c88d1e4e9a13ecebfa863b2) Importer(815301076,1909f56bfc062723c751e8b465ee728b) (PreviewImporter) -> (artifact id: '4e2aea26b93e126514a472e85ed2f3df') in 0.031478 seconds
Number of updated asset objects reloaded before import = 0Number of asset objects unloaded after import = 219

========================================================================
Received Import Request.
  Time since last request: 5.257359 seconds.
  path: Assets/Prefabs/Menu_Principal.prefab
  artifactKey: Guid(93531a412c88d1e4e9a13ecebfa863b2) Importer(815301076,1909f56bfc062723c751e8b465ee728b)
Start importing Assets/Prefabs/Menu_Principal.prefab using Guid(93531a412c88d1e4e9a13ecebfa863b2) Importer(815301076,1909f56bfc062723c751e8b465ee728b) (PreviewImporter) -> (artifact id: 'edbcbd578f4c9487d6ccf5ebccdf18a9') in 0.0283931 seconds
Number of updated asset objects reloaded before import = 0Number of asset objects unloaded after import = 219

========================================================================
Received Import Request.
  Time since last request: 4.571781 seconds.
  path: Assets/Prefabs/Menu_Principal.prefab
  artifactKey: Guid(93531a412c88d1e4e9a13ecebfa863b2) Importer(815301076,1909f56bfc062723c751e8b465ee728b)
Start importing Assets/Prefabs/Menu_Principal.prefab using Guid(93531a412c88d1e4e9a13ecebfa863b2) Importer(815301076,1909f56bfc062723c751e8b465ee728b) (PreviewImporter) -> (artifact id: 'f223b34bda0521dee7e1766ec0ba5788') in 0.029692 seconds
Number of updated asset objects reloaded before import = 0Number of asset objects unloaded after import = 219

========================================================================
Received Import Request.
  Time since last request: 10.493689 seconds.
  path: Assets/Prefabs/Menu_Principal.prefab
  artifactKey: Guid(93531a412c88d1e4e9a13ecebfa863b2) Importer(815301076,1909f56bfc062723c751e8b465ee728b)
Start importing Assets/Prefabs/Menu_Principal.prefab using Guid(93531a412c88d1e4e9a13ecebfa863b2) Importer(815301076,1909f56bfc062723c751e8b465ee728b) (PreviewImporter) -> (artifact id: '993186d24289050764de3763ed620276') in 0.0267231 seconds
Number of updated asset objects reloaded before import = 0Number of asset objects unloaded after import = 219

========================================================================
Received Import Request.
  Time since last request: 1.962770 seconds.
  path: Assets/Prefabs/Menu_Principal.prefab
  artifactKey: Guid(93531a412c88d1e4e9a13ecebfa863b2) Importer(815301076,1909f56bfc062723c751e8b465ee728b)
Start importing Assets/Prefabs/Menu_Principal.prefab using Guid(93531a412c88d1e4e9a13ecebfa863b2) Importer(815301076,1909f56bfc062723c751e8b465ee728b) (PreviewImporter) -> (artifact id: '24d70dce03051c11babf89b8f790215c') in 0.0286554 seconds
Number of updated asset objects reloaded before import = 0Number of asset objects unloaded after import = 219

========================================================================
Received Import Request.
  Time since last request: 10.898503 seconds.
  path: Assets/Prefabs/Menu_Principal.prefab
  artifactKey: Guid(93531a412c88d1e4e9a13ecebfa863b2) Importer(815301076,1909f56bfc062723c751e8b465ee728b)
Start importing Assets/Prefabs/Menu_Principal.prefab using Guid(93531a412c88d1e4e9a13ecebfa863b2) Importer(815301076,1909f56bfc062723c751e8b465ee728b) (PreviewImporter) -> (artifact id: '94ac66a0247c4325c1279c374f6c2d46') in 0.0270965 seconds
Number of updated asset objects reloaded before import = 0Number of asset objects unloaded after import = 219

========================================================================
Received Import Request.
  Time since last request: 1.191355 seconds.
  path: Assets/Prefabs/Menu_Principal.prefab
  artifactKey: Guid(93531a412c88d1e4e9a13ecebfa863b2) Importer(815301076,1909f56bfc062723c751e8b465ee728b)
Start importing Assets/Prefabs/Menu_Principal.prefab using Guid(93531a412c88d1e4e9a13ecebfa863b2) Importer(815301076,1909f56bfc062723c751e8b465ee728b) (PreviewImporter) -> (artifact id: '7fa253b4c89c7494536bc06138706b81') in 0.0268507 seconds
Number of updated asset objects reloaded before import = 0Number of asset objects unloaded after import = 219

========================================================================
Received Import Request.
  Time since last request: 0.925702 seconds.
  path: Assets/Prefabs/Menu_Principal.prefab
  artifactKey: Guid(93531a412c88d1e4e9a13ecebfa863b2) Importer(815301076,1909f56bfc062723c751e8b465ee728b)
Start importing Assets/Prefabs/Menu_Principal.prefab using Guid(93531a412c88d1e4e9a13ecebfa863b2) Importer(815301076,1909f56bfc062723c751e8b465ee728b) (PreviewImporter) -> (artifact id: 'a9585924151eeba36f833d8808b43c80') in 0.0311055 seconds
Number of updated asset objects reloaded before import = 0Number of asset objects unloaded after import = 219

========================================================================
Received Import Request.
  Time since last request: 1.533353 seconds.
  path: Assets/Prefabs/Menu_Principal.prefab
  artifactKey: Guid(93531a412c88d1e4e9a13ecebfa863b2) Importer(815301076,1909f56bfc062723c751e8b465ee728b)
Start importing Assets/Prefabs/Menu_Principal.prefab using Guid(93531a412c88d1e4e9a13ecebfa863b2) Importer(815301076,1909f56bfc062723c751e8b465ee728b) (PreviewImporter) -> (artifact id: '1fe4a750c2b572f3516bdad9e968b872') in 0.0259134 seconds
Number of updated asset objects reloaded before import = 0Number of asset objects unloaded after import = 219

========================================================================
Received Import Request.
  Time since last request: 4.811258 seconds.
  path: Assets/Prefabs/Menu_Principal.prefab
  artifactKey: Guid(93531a412c88d1e4e9a13ecebfa863b2) Importer(815301076,1909f56bfc062723c751e8b465ee728b)
Start importing Assets/Prefabs/Menu_Principal.prefab using Guid(93531a412c88d1e4e9a13ecebfa863b2) Importer(815301076,1909f56bfc062723c751e8b465ee728b) (PreviewImporter) -> (artifact id: '8792cea1ba66e3ef6c5b3a0a87c3b875') in 0.0313915 seconds
Number of updated asset objects reloaded before import = 0Number of asset objects unloaded after import = 219

========================================================================
Received Import Request.
  Time since last request: 8.869764 seconds.
  path: Assets/Prefabs/Menu_Principal.prefab
  artifactKey: Guid(93531a412c88d1e4e9a13ecebfa863b2) Importer(815301076,1909f56bfc062723c751e8b465ee728b)
Start importing Assets/Prefabs/Menu_Principal.prefab using Guid(93531a412c88d1e4e9a13ecebfa863b2) Importer(815301076,1909f56bfc062723c751e8b465ee728b) (PreviewImporter) -> (artifact id: 'e0e2ff97cb438be58a8805a44fb799ec') in 0.0283712 seconds
Number of updated asset objects reloaded before import = 0Number of asset objects unloaded after import = 219

========================================================================
Received Import Request.
  Time since last request: 0.345056 seconds.
  path: Assets/Prefabs/Menu_Principal.prefab
  artifactKey: Guid(93531a412c88d1e4e9a13ecebfa863b2) Importer(815301076,1909f56bfc062723c751e8b465ee728b)
Start importing Assets/Prefabs/Menu_Principal.prefab using Guid(93531a412c88d1e4e9a13ecebfa863b2) Importer(815301076,1909f56bfc062723c751e8b465ee728b) (PreviewImporter) -> (artifact id: '36fc909e3dfd6799b02cdeb10e72b92b') in 0.0263111 seconds
Number of updated asset objects reloaded before import = 0Number of asset objects unloaded after import = 219

========================================================================
Received Import Request.
  Time since last request: 0.315321 seconds.
  path: Assets/Prefabs/Menu_Principal.prefab
  artifactKey: Guid(93531a412c88d1e4e9a13ecebfa863b2) Importer(815301076,1909f56bfc062723c751e8b465ee728b)
Start importing Assets/Prefabs/Menu_Principal.prefab using Guid(93531a412c88d1e4e9a13ecebfa863b2) Importer(815301076,1909f56bfc062723c751e8b465ee728b) (PreviewImporter) -> (artifact id: '1fd948bb67e99d5e352a09020b67b09f') in 0.0236066 seconds
Number of updated asset objects reloaded before import = 0Number of asset objects unloaded after import = 219

========================================================================
Received Import Request.
  Time since last request: 0.822068 seconds.
  path: Assets/Prefabs/Menu_Principal.prefab
  artifactKey: Guid(93531a412c88d1e4e9a13ecebfa863b2) Importer(815301076,1909f56bfc062723c751e8b465ee728b)
Start importing Assets/Prefabs/Menu_Principal.prefab using Guid(93531a412c88d1e4e9a13ecebfa863b2) Importer(815301076,1909f56bfc062723c751e8b465ee728b) (PreviewImporter) -> (artifact id: 'bacf781ec6bf4322f4ee17d296d26104') in 0.0270255 seconds
Number of updated asset objects reloaded before import = 0Number of asset objects unloaded after import = 219

========================================================================
Received Import Request.
  Time since last request: 7.606655 seconds.
  path: Assets/Prefabs/Menu_Principal.prefab
  artifactKey: Guid(93531a412c88d1e4e9a13ecebfa863b2) Importer(815301076,1909f56bfc062723c751e8b465ee728b)
Start importing Assets/Prefabs/Menu_Principal.prefab using Guid(93531a412c88d1e4e9a13ecebfa863b2) Importer(815301076,1909f56bfc062723c751e8b465ee728b) (PreviewImporter) -> (artifact id: 'b2007dd24d6ea035d41c309a8f5510c9') in 0.0272078 seconds
Number of updated asset objects reloaded before import = 0Number of asset objects unloaded after import = 219

========================================================================
Received Import Request.
  Time since last request: 1.377486 seconds.
  path: Assets/Prefabs/Menu_Principal.prefab
  artifactKey: Guid(93531a412c88d1e4e9a13ecebfa863b2) Importer(815301076,1909f56bfc062723c751e8b465ee728b)
Start importing Assets/Prefabs/Menu_Principal.prefab using Guid(93531a412c88d1e4e9a13ecebfa863b2) Importer(815301076,1909f56bfc062723c751e8b465ee728b) (PreviewImporter) -> (artifact id: 'e795c5fe8c9754a744919c50f0ae3729') in 0.024305 seconds
Number of updated asset objects reloaded before import = 0Number of asset objects unloaded after import = 219

========================================================================
Received Import Request.
  Time since last request: 3.036713 seconds.
  path: Assets/Prefabs/Menu_Principal.prefab
  artifactKey: Guid(93531a412c88d1e4e9a13ecebfa863b2) Importer(815301076,1909f56bfc062723c751e8b465ee728b)
Start importing Assets/Prefabs/Menu_Principal.prefab using Guid(93531a412c88d1e4e9a13ecebfa863b2) Importer(815301076,1909f56bfc062723c751e8b465ee728b) (PreviewImporter) -> (artifact id: 'aaca0f61de196a5910a4b9210a1c4387') in 0.0252002 seconds
Number of updated asset objects reloaded before import = 0Number of asset objects unloaded after import = 219

========================================================================
Received Import Request.
  Time since last request: 4.017500 seconds.
  path: Assets/Prefabs/Menu_Principal.prefab
  artifactKey: Guid(93531a412c88d1e4e9a13ecebfa863b2) Importer(815301076,1909f56bfc062723c751e8b465ee728b)
Start importing Assets/Prefabs/Menu_Principal.prefab using Guid(93531a412c88d1e4e9a13ecebfa863b2) Importer(815301076,1909f56bfc062723c751e8b465ee728b) (PreviewImporter) -> (artifact id: 'e7251b86203d0cdf124663fd2123dbc8') in 0.0268196 seconds
Number of updated asset objects reloaded before import = 0Number of asset objects unloaded after import = 219

========================================================================
Received Import Request.
  Time since last request: 3.388281 seconds.
  path: Assets/Prefabs/Menu_Principal.prefab
  artifactKey: Guid(93531a412c88d1e4e9a13ecebfa863b2) Importer(815301076,1909f56bfc062723c751e8b465ee728b)
Start importing Assets/Prefabs/Menu_Principal.prefab using Guid(93531a412c88d1e4e9a13ecebfa863b2) Importer(815301076,1909f56bfc062723c751e8b465ee728b) (PreviewImporter) -> (artifact id: 'c82ea72312c71dfc81e9b259cd7740d8') in 0.0278665 seconds
Number of updated asset objects reloaded before import = 0Number of asset objects unloaded after import = 219

========================================================================
Received Import Request.
  Time since last request: 2.402503 seconds.
  path: Assets/Prefabs/Menu_Principal.prefab
  artifactKey: Guid(93531a412c88d1e4e9a13ecebfa863b2) Importer(815301076,1909f56bfc062723c751e8b465ee728b)
Start importing Assets/Prefabs/Menu_Principal.prefab using Guid(93531a412c88d1e4e9a13ecebfa863b2) Importer(815301076,1909f56bfc062723c751e8b465ee728b) (PreviewImporter) -> (artifact id: '6a7ab7e6a8fe0d6ee728e0a83eb07037') in 0.0294994 seconds
Number of updated asset objects reloaded before import = 0Number of asset objects unloaded after import = 219

========================================================================
Received Import Request.
  Time since last request: 5.046000 seconds.
  path: Assets/Prefabs/Menu_Principal.prefab
  artifactKey: Guid(93531a412c88d1e4e9a13ecebfa863b2) Importer(815301076,1909f56bfc062723c751e8b465ee728b)
Start importing Assets/Prefabs/Menu_Principal.prefab using Guid(93531a412c88d1e4e9a13ecebfa863b2) Importer(815301076,1909f56bfc062723c751e8b465ee728b) (PreviewImporter) -> (artifact id: 'f7af49e530cc0106881d47684d2e544f') in 0.0254568 seconds
Number of updated asset objects reloaded before import = 0Number of asset objects unloaded after import = 219

========================================================================
Received Import Request.
  Time since last request: 11.062317 seconds.
  path: Assets/Prefabs/Menu_Principal.prefab
  artifactKey: Guid(93531a412c88d1e4e9a13ecebfa863b2) Importer(815301076,1909f56bfc062723c751e8b465ee728b)
Start importing Assets/Prefabs/Menu_Principal.prefab using Guid(93531a412c88d1e4e9a13ecebfa863b2) Importer(815301076,1909f56bfc062723c751e8b465ee728b) (PreviewImporter) -> (artifact id: '0fbf450e4c20f4c0d7bbdb91deeb1f8c') in 0.0264331 seconds
Number of updated asset objects reloaded before import = 0Number of asset objects unloaded after import = 219

========================================================================
Received Import Request.
  Time since last request: 13.921674 seconds.
  path: Assets/Prefabs/Menu_Principal.prefab
  artifactKey: Guid(93531a412c88d1e4e9a13ecebfa863b2) Importer(815301076,1909f56bfc062723c751e8b465ee728b)
Start importing Assets/Prefabs/Menu_Principal.prefab using Guid(93531a412c88d1e4e9a13ecebfa863b2) Importer(815301076,1909f56bfc062723c751e8b465ee728b) (PreviewImporter) -> (artifact id: '5f8b07fa067d11a9eb2df9bd0b7d621b') in 0.0282903 seconds
Number of updated asset objects reloaded before import = 0Number of asset objects unloaded after import = 223

========================================================================
Received Import Request.
  Time since last request: 4.136861 seconds.
  path: Assets/Prefabs/Menu_Principal.prefab
  artifactKey: Guid(93531a412c88d1e4e9a13ecebfa863b2) Importer(815301076,1909f56bfc062723c751e8b465ee728b)
Start importing Assets/Prefabs/Menu_Principal.prefab using Guid(93531a412c88d1e4e9a13ecebfa863b2) Importer(815301076,1909f56bfc062723c751e8b465ee728b) (PreviewImporter) -> (artifact id: 'f946a849c2ff41b71bc3cbcdc97895d1') in 0.029667 seconds
Number of updated asset objects reloaded before import = 0Number of asset objects unloaded after import = 223

========================================================================
Received Import Request.
  Time since last request: 3.139109 seconds.
  path: Assets/Prefabs/Menu_Principal.prefab
  artifactKey: Guid(93531a412c88d1e4e9a13ecebfa863b2) Importer(815301076,1909f56bfc062723c751e8b465ee728b)
Start importing Assets/Prefabs/Menu_Principal.prefab using Guid(93531a412c88d1e4e9a13ecebfa863b2) Importer(815301076,1909f56bfc062723c751e8b465ee728b) (PreviewImporter) -> (artifact id: '38c4bb17f00e91751f5a35b8844bafad') in 0.02513 seconds
Number of updated asset objects reloaded before import = 0Number of asset objects unloaded after import = 223

========================================================================
Received Import Request.
  Time since last request: 10.530894 seconds.
  path: Assets/Prefabs/Menu_Principal.prefab
  artifactKey: Guid(93531a412c88d1e4e9a13ecebfa863b2) Importer(815301076,1909f56bfc062723c751e8b465ee728b)
Start importing Assets/Prefabs/Menu_Principal.prefab using Guid(93531a412c88d1e4e9a13ecebfa863b2) Importer(815301076,1909f56bfc062723c751e8b465ee728b) (PreviewImporter) -> (artifact id: '02f3cb9e4474c9e0b978525880e87c11') in 0.0270034 seconds
Number of updated asset objects reloaded before import = 0Number of asset objects unloaded after import = 222

========================================================================
Received Import Request.
  Time since last request: 3.135800 seconds.
  path: Assets/Prefabs/Menu_Principal.prefab
  artifactKey: Guid(93531a412c88d1e4e9a13ecebfa863b2) Importer(815301076,1909f56bfc062723c751e8b465ee728b)
Start importing Assets/Prefabs/Menu_Principal.prefab using Guid(93531a412c88d1e4e9a13ecebfa863b2) Importer(815301076,1909f56bfc062723c751e8b465ee728b) (PreviewImporter) -> (artifact id: '5a24f7895ec1e0f4af88202747996034') in 0.0264086 seconds
Number of updated asset objects reloaded before import = 0Number of asset objects unloaded after import = 223

========================================================================
Received Import Request.
  Time since last request: 2.385348 seconds.
  path: Assets/Prefabs/Menu_Principal.prefab
  artifactKey: Guid(93531a412c88d1e4e9a13ecebfa863b2) Importer(815301076,1909f56bfc062723c751e8b465ee728b)
Start importing Assets/Prefabs/Menu_Principal.prefab using Guid(93531a412c88d1e4e9a13ecebfa863b2) Importer(815301076,1909f56bfc062723c751e8b465ee728b) (PreviewImporter) -> (artifact id: '0fe34e6dc5376ef327de1963f89f558f') in 0.0266317 seconds
Number of updated asset objects reloaded before import = 0Number of asset objects unloaded after import = 223

========================================================================
Received Import Request.
  Time since last request: 9.807766 seconds.
  path: Assets/Prefabs/Menu_Principal.prefab
  artifactKey: Guid(93531a412c88d1e4e9a13ecebfa863b2) Importer(815301076,1909f56bfc062723c751e8b465ee728b)
Start importing Assets/Prefabs/Menu_Principal.prefab using Guid(93531a412c88d1e4e9a13ecebfa863b2) Importer(815301076,1909f56bfc062723c751e8b465ee728b) (PreviewImporter) -> (artifact id: '59337fb8fadc7b874843fd33d6b18ad0') in 0.02743 seconds
Number of updated asset objects reloaded before import = 0Number of asset objects unloaded after import = 219

========================================================================
Received Import Request.
  Time since last request: 3.405752 seconds.
  path: Assets/Prefabs/Menu_Principal.prefab
  artifactKey: Guid(93531a412c88d1e4e9a13ecebfa863b2) Importer(815301076,1909f56bfc062723c751e8b465ee728b)
Start importing Assets/Prefabs/Menu_Principal.prefab using Guid(93531a412c88d1e4e9a13ecebfa863b2) Importer(815301076,1909f56bfc062723c751e8b465ee728b) (PreviewImporter) -> (artifact id: 'd2320205d080235ad134cb431087d2a0') in 0.0254974 seconds
Number of updated asset objects reloaded before import = 0Number of asset objects unloaded after import = 219

========================================================================
Received Import Request.
  Time since last request: 1.138767 seconds.
  path: Assets/Prefabs/Menu_Principal.prefab
  artifactKey: Guid(93531a412c88d1e4e9a13ecebfa863b2) Importer(815301076,1909f56bfc062723c751e8b465ee728b)
Start importing Assets/Prefabs/Menu_Principal.prefab using Guid(93531a412c88d1e4e9a13ecebfa863b2) Importer(815301076,1909f56bfc062723c751e8b465ee728b) (PreviewImporter) -> (artifact id: '31f5dded77810387528c06a4a79e1216') in 0.0269729 seconds
Number of updated asset objects reloaded before import = 0Number of asset objects unloaded after import = 219

========================================================================
Received Import Request.
  Time since last request: 0.339679 seconds.
  path: Assets/Prefabs/Menu_Principal.prefab
  artifactKey: Guid(93531a412c88d1e4e9a13ecebfa863b2) Importer(815301076,1909f56bfc062723c751e8b465ee728b)
Start importing Assets/Prefabs/Menu_Principal.prefab using Guid(93531a412c88d1e4e9a13ecebfa863b2) Importer(815301076,1909f56bfc062723c751e8b465ee728b) (PreviewImporter) -> (artifact id: '84306c27fc40bc7e52f404a2ef1f3f2a') in 0.0298618 seconds
Number of updated asset objects reloaded before import = 0Number of asset objects unloaded after import = 219

========================================================================
Received Import Request.
  Time since last request: 0.339724 seconds.
  path: Assets/Prefabs/Menu_Principal.prefab
  artifactKey: Guid(93531a412c88d1e4e9a13ecebfa863b2) Importer(815301076,1909f56bfc062723c751e8b465ee728b)
Start importing Assets/Prefabs/Menu_Principal.prefab using Guid(93531a412c88d1e4e9a13ecebfa863b2) Importer(815301076,1909f56bfc062723c751e8b465ee728b) (PreviewImporter) -> (artifact id: '3a193d01d72eef870a58dd2b50ece3f0') in 0.027403 seconds
Number of updated asset objects reloaded before import = 0Number of asset objects unloaded after import = 219

========================================================================
Received Import Request.
  Time since last request: 2.516722 seconds.
  path: Assets/Prefabs/Menu_Principal.prefab
  artifactKey: Guid(93531a412c88d1e4e9a13ecebfa863b2) Importer(815301076,1909f56bfc062723c751e8b465ee728b)
Start importing Assets/Prefabs/Menu_Principal.prefab using Guid(93531a412c88d1e4e9a13ecebfa863b2) Importer(815301076,1909f56bfc062723c751e8b465ee728b) (PreviewImporter) -> (artifact id: 'ad3a54f6f294171b9777de9f15ac7cbf') in 0.0292457 seconds
Number of updated asset objects reloaded before import = 0Number of asset objects unloaded after import = 219

========================================================================
Received Import Request.
  Time since last request: 2.000092 seconds.
  path: Assets/Prefabs/Menu_Principal.prefab
  artifactKey: Guid(93531a412c88d1e4e9a13ecebfa863b2) Importer(815301076,1909f56bfc062723c751e8b465ee728b)
Start importing Assets/Prefabs/Menu_Principal.prefab using Guid(93531a412c88d1e4e9a13ecebfa863b2) Importer(815301076,1909f56bfc062723c751e8b465ee728b) (PreviewImporter) -> (artifact id: 'b563d1c1a53e8f2cf872f64b2ba06a06') in 0.0287549 seconds
Number of updated asset objects reloaded before import = 0Number of asset objects unloaded after import = 219

========================================================================
Received Import Request.
  Time since last request: 5.741387 seconds.
  path: Assets/Prefabs/Menu_Principal.prefab
  artifactKey: Guid(93531a412c88d1e4e9a13ecebfa863b2) Importer(815301076,1909f56bfc062723c751e8b465ee728b)
Start importing Assets/Prefabs/Menu_Principal.prefab using Guid(93531a412c88d1e4e9a13ecebfa863b2) Importer(815301076,1909f56bfc062723c751e8b465ee728b) (PreviewImporter) -> (artifact id: 'ab1711369b906e26fcee45971f50499a') in 0.0306687 seconds
Number of updated asset objects reloaded before import = 0Number of asset objects unloaded after import = 219

========================================================================
Received Import Request.
  Time since last request: 0.914532 seconds.
  path: Assets/Prefabs/Menu_Principal.prefab
  artifactKey: Guid(93531a412c88d1e4e9a13ecebfa863b2) Importer(815301076,1909f56bfc062723c751e8b465ee728b)
Start importing Assets/Prefabs/Menu_Principal.prefab using Guid(93531a412c88d1e4e9a13ecebfa863b2) Importer(815301076,1909f56bfc062723c751e8b465ee728b) (PreviewImporter) -> (artifact id: '9a1edc32de1c2e5618e786b07cae2a70') in 0.03286 seconds
Number of updated asset objects reloaded before import = 0Number of asset objects unloaded after import = 219

========================================================================
Received Import Request.
  Time since last request: 0.306706 seconds.
  path: Assets/Prefabs/Menu_Principal.prefab
  artifactKey: Guid(93531a412c88d1e4e9a13ecebfa863b2) Importer(815301076,1909f56bfc062723c751e8b465ee728b)
Start importing Assets/Prefabs/Menu_Principal.prefab using Guid(93531a412c88d1e4e9a13ecebfa863b2) Importer(815301076,1909f56bfc062723c751e8b465ee728b) (PreviewImporter) -> (artifact id: '7d2917b413ff9c96da1037f51e2df15f') in 0.0272916 seconds
Number of updated asset objects reloaded before import = 0Number of asset objects unloaded after import = 219

========================================================================
Received Import Request.
  Time since last request: 0.551729 seconds.
  path: Assets/Prefabs/Menu_Principal.prefab
  artifactKey: Guid(93531a412c88d1e4e9a13ecebfa863b2) Importer(815301076,1909f56bfc062723c751e8b465ee728b)
Start importing Assets/Prefabs/Menu_Principal.prefab using Guid(93531a412c88d1e4e9a13ecebfa863b2) Importer(815301076,1909f56bfc062723c751e8b465ee728b) (PreviewImporter) -> (artifact id: '1134b54c47f3d4af126d17f059749cc6') in 0.0249955 seconds
Number of updated asset objects reloaded before import = 0Number of asset objects unloaded after import = 219

========================================================================
Received Import Request.
  Time since last request: 0.713271 seconds.
  path: Assets/Prefabs/Menu_Principal.prefab
  artifactKey: Guid(93531a412c88d1e4e9a13ecebfa863b2) Importer(815301076,1909f56bfc062723c751e8b465ee728b)
Start importing Assets/Prefabs/Menu_Principal.prefab using Guid(93531a412c88d1e4e9a13ecebfa863b2) Importer(815301076,1909f56bfc062723c751e8b465ee728b) (PreviewImporter) -> (artifact id: '24eb59aa434c42c01f23e7979096e996') in 0.0270203 seconds
Number of updated asset objects reloaded before import = 0Number of asset objects unloaded after import = 219

========================================================================
Received Import Request.
  Time since last request: 1.538357 seconds.
  path: Assets/Prefabs/Menu_Principal.prefab
  artifactKey: Guid(93531a412c88d1e4e9a13ecebfa863b2) Importer(815301076,1909f56bfc062723c751e8b465ee728b)
Start importing Assets/Prefabs/Menu_Principal.prefab using Guid(93531a412c88d1e4e9a13ecebfa863b2) Importer(815301076,1909f56bfc062723c751e8b465ee728b) (PreviewImporter) -> (artifact id: 'fabd731b12f5786448c1a754e10fa0dd') in 0.02784 seconds
Number of updated asset objects reloaded before import = 0Number of asset objects unloaded after import = 219

========================================================================
Received Import Request.
  Time since last request: 1.384056 seconds.
  path: Assets/Prefabs/Menu_Principal.prefab
  artifactKey: Guid(93531a412c88d1e4e9a13ecebfa863b2) Importer(815301076,1909f56bfc062723c751e8b465ee728b)
Start importing Assets/Prefabs/Menu_Principal.prefab using Guid(93531a412c88d1e4e9a13ecebfa863b2) Importer(815301076,1909f56bfc062723c751e8b465ee728b) (PreviewImporter) -> (artifact id: 'f240f3a85ee5b6df36fe77c227e65146') in 0.0254458 seconds
Number of updated asset objects reloaded before import = 0Number of asset objects unloaded after import = 219

========================================================================
Received Import Request.
  Time since last request: 1.526186 seconds.
  path: Assets/Prefabs/Menu_Principal.prefab
  artifactKey: Guid(93531a412c88d1e4e9a13ecebfa863b2) Importer(815301076,1909f56bfc062723c751e8b465ee728b)
Start importing Assets/Prefabs/Menu_Principal.prefab using Guid(93531a412c88d1e4e9a13ecebfa863b2) Importer(815301076,1909f56bfc062723c751e8b465ee728b) (PreviewImporter) -> (artifact id: '9c6a2a226d4890639b90f523157ef568') in 0.0270197 seconds
Number of updated asset objects reloaded before import = 0Number of asset objects unloaded after import = 219

========================================================================
Received Import Request.
  Time since last request: 1.556743 seconds.
  path: Assets/Prefabs/Menu_Principal.prefab
  artifactKey: Guid(93531a412c88d1e4e9a13ecebfa863b2) Importer(815301076,1909f56bfc062723c751e8b465ee728b)
Start importing Assets/Prefabs/Menu_Principal.prefab using Guid(93531a412c88d1e4e9a13ecebfa863b2) Importer(815301076,1909f56bfc062723c751e8b465ee728b) (PreviewImporter) -> (artifact id: 'd070f3dcb3cff05aee5c950cad6126d7') in 0.0249633 seconds
Number of updated asset objects reloaded before import = 0Number of asset objects unloaded after import = 219

========================================================================
Received Import Request.
  Time since last request: 0.539802 seconds.
  path: Assets/Prefabs/Menu_Principal.prefab
  artifactKey: Guid(93531a412c88d1e4e9a13ecebfa863b2) Importer(815301076,1909f56bfc062723c751e8b465ee728b)
Start importing Assets/Prefabs/Menu_Principal.prefab using Guid(93531a412c88d1e4e9a13ecebfa863b2) Importer(815301076,1909f56bfc062723c751e8b465ee728b) (PreviewImporter) -> (artifact id: 'c7d113e2136364449c252ca5b4d689f7') in 0.0276527 seconds
Number of updated asset objects reloaded before import = 0Number of asset objects unloaded after import = 219

========================================================================
Received Import Request.
  Time since last request: 1.346187 seconds.
  path: Assets/Prefabs/Menu_Principal.prefab
  artifactKey: Guid(93531a412c88d1e4e9a13ecebfa863b2) Importer(815301076,1909f56bfc062723c751e8b465ee728b)
Start importing Assets/Prefabs/Menu_Principal.prefab using Guid(93531a412c88d1e4e9a13ecebfa863b2) Importer(815301076,1909f56bfc062723c751e8b465ee728b) (PreviewImporter) -> (artifact id: 'a0f4f01e3b94e94f1bf5044e56055091') in 0.0254336 seconds
Number of updated asset objects reloaded before import = 0Number of asset objects unloaded after import = 219

========================================================================
Received Import Request.
  Time since last request: 0.351422 seconds.
  path: Assets/Prefabs/Menu_Principal.prefab
  artifactKey: Guid(93531a412c88d1e4e9a13ecebfa863b2) Importer(815301076,1909f56bfc062723c751e8b465ee728b)
Start importing Assets/Prefabs/Menu_Principal.prefab using Guid(93531a412c88d1e4e9a13ecebfa863b2) Importer(815301076,1909f56bfc062723c751e8b465ee728b) (PreviewImporter) -> (artifact id: '129b318e04298ae2d51c1bae8f1d3448') in 0.0326942 seconds
Number of updated asset objects reloaded before import = 0Number of asset objects unloaded after import = 219

========================================================================
Received Import Request.
  Time since last request: 1.327356 seconds.
  path: Assets/Prefabs/Menu_Principal.prefab
  artifactKey: Guid(93531a412c88d1e4e9a13ecebfa863b2) Importer(815301076,1909f56bfc062723c751e8b465ee728b)
Start importing Assets/Prefabs/Menu_Principal.prefab using Guid(93531a412c88d1e4e9a13ecebfa863b2) Importer(815301076,1909f56bfc062723c751e8b465ee728b) (PreviewImporter) -> (artifact id: 'c2a95db5eb6d9b6ec219fe5ece605080') in 0.0309625 seconds
Number of updated asset objects reloaded before import = 0Number of asset objects unloaded after import = 219

========================================================================
Received Import Request.
  Time since last request: 4.599096 seconds.
  path: Assets/Prefabs/Menu_Principal.prefab
  artifactKey: Guid(93531a412c88d1e4e9a13ecebfa863b2) Importer(815301076,1909f56bfc062723c751e8b465ee728b)
Start importing Assets/Prefabs/Menu_Principal.prefab using Guid(93531a412c88d1e4e9a13ecebfa863b2) Importer(815301076,1909f56bfc062723c751e8b465ee728b) (PreviewImporter) -> (artifact id: 'f8a33f7964475ec69cd875b78583ae57') in 0.0300079 seconds
Number of updated asset objects reloaded before import = 0Number of asset objects unloaded after import = 219

========================================================================
Received Import Request.
  Time since last request: 0.726746 seconds.
  path: Assets/Prefabs/Menu_Principal.prefab
  artifactKey: Guid(93531a412c88d1e4e9a13ecebfa863b2) Importer(815301076,1909f56bfc062723c751e8b465ee728b)
Start importing Assets/Prefabs/Menu_Principal.prefab using Guid(93531a412c88d1e4e9a13ecebfa863b2) Importer(815301076,1909f56bfc062723c751e8b465ee728b) (PreviewImporter) -> (artifact id: 'bc61e7c504df5839dc510f25f5ae92a6') in 0.0281296 seconds
Number of updated asset objects reloaded before import = 0Number of asset objects unloaded after import = 219

========================================================================
Received Import Request.
  Time since last request: 6.874093 seconds.
  path: Assets/Prefabs/Menu_Principal.prefab
  artifactKey: Guid(93531a412c88d1e4e9a13ecebfa863b2) Importer(815301076,1909f56bfc062723c751e8b465ee728b)
Start importing Assets/Prefabs/Menu_Principal.prefab using Guid(93531a412c88d1e4e9a13ecebfa863b2) Importer(815301076,1909f56bfc062723c751e8b465ee728b) (PreviewImporter) -> (artifact id: 'e73a4d9125e7c9fa2dd4d447af26062f') in 0.0291051 seconds
Number of updated asset objects reloaded before import = 0Number of asset objects unloaded after import = 219

========================================================================
Received Import Request.
  Time since last request: 0.318836 seconds.
  path: Assets/Prefabs/Menu_Principal.prefab
  artifactKey: Guid(93531a412c88d1e4e9a13ecebfa863b2) Importer(815301076,1909f56bfc062723c751e8b465ee728b)
Start importing Assets/Prefabs/Menu_Principal.prefab using Guid(93531a412c88d1e4e9a13ecebfa863b2) Importer(815301076,1909f56bfc062723c751e8b465ee728b) (PreviewImporter) -> (artifact id: '90008c6de55ee3d8df350593fa561d1d') in 0.0328107 seconds
Number of updated asset objects reloaded before import = 0Number of asset objects unloaded after import = 219

========================================================================
Received Import Request.
  Time since last request: 1.753859 seconds.
  path: Assets/Prefabs/Menu_Principal.prefab
  artifactKey: Guid(93531a412c88d1e4e9a13ecebfa863b2) Importer(815301076,1909f56bfc062723c751e8b465ee728b)
Start importing Assets/Prefabs/Menu_Principal.prefab using Guid(93531a412c88d1e4e9a13ecebfa863b2) Importer(815301076,1909f56bfc062723c751e8b465ee728b) (PreviewImporter) -> (artifact id: '5d38da56c716a47bebf060af3f3b3de0') in 0.025327 seconds
Number of updated asset objects reloaded before import = 0Number of asset objects unloaded after import = 219

========================================================================
Received Import Request.
  Time since last request: 3.201048 seconds.
  path: Assets/Prefabs/Menu_Principal.prefab
  artifactKey: Guid(93531a412c88d1e4e9a13ecebfa863b2) Importer(815301076,1909f56bfc062723c751e8b465ee728b)
Start importing Assets/Prefabs/Menu_Principal.prefab using Guid(93531a412c88d1e4e9a13ecebfa863b2) Importer(815301076,1909f56bfc062723c751e8b465ee728b) (PreviewImporter) -> (artifact id: '4b71e5a71aa972462a2135f9f22b0073') in 0.0282054 seconds
Number of updated asset objects reloaded before import = 0Number of asset objects unloaded after import = 219

========================================================================
Received Import Request.
  Time since last request: 0.512021 seconds.
  path: Assets/Prefabs/Menu_Principal.prefab
  artifactKey: Guid(93531a412c88d1e4e9a13ecebfa863b2) Importer(815301076,1909f56bfc062723c751e8b465ee728b)
Start importing Assets/Prefabs/Menu_Principal.prefab using Guid(93531a412c88d1e4e9a13ecebfa863b2) Importer(815301076,1909f56bfc062723c751e8b465ee728b) (PreviewImporter) -> (artifact id: 'bddbe8a4d12f24c0183e05d77ec40d7a') in 0.0262318 seconds
Number of updated asset objects reloaded before import = 0Number of asset objects unloaded after import = 219

========================================================================
Received Import Request.
  Time since last request: 4.970866 seconds.
  path: Assets/Prefabs/Menu_Principal.prefab
  artifactKey: Guid(93531a412c88d1e4e9a13ecebfa863b2) Importer(815301076,1909f56bfc062723c751e8b465ee728b)
Start importing Assets/Prefabs/Menu_Principal.prefab using Guid(93531a412c88d1e4e9a13ecebfa863b2) Importer(815301076,1909f56bfc062723c751e8b465ee728b) (PreviewImporter) -> (artifact id: 'a3a9fe14494fdc4d250219c193cd7b09') in 0.0267797 seconds
Number of updated asset objects reloaded before import = 0Number of asset objects unloaded after import = 219

========================================================================
Received Import Request.
  Time since last request: 0.973021 seconds.
  path: Assets/Prefabs/Menu_Principal.prefab
  artifactKey: Guid(93531a412c88d1e4e9a13ecebfa863b2) Importer(815301076,1909f56bfc062723c751e8b465ee728b)
Start importing Assets/Prefabs/Menu_Principal.prefab using Guid(93531a412c88d1e4e9a13ecebfa863b2) Importer(815301076,1909f56bfc062723c751e8b465ee728b) (PreviewImporter) -> (artifact id: 'd4564f7f4f2d0de5d1ff2398e9ee6e92') in 0.0293568 seconds
Number of updated asset objects reloaded before import = 0Number of asset objects unloaded after import = 219

========================================================================
Received Import Request.
  Time since last request: 7.479257 seconds.
  path: Assets/Prefabs/Menu_Principal.prefab
  artifactKey: Guid(93531a412c88d1e4e9a13ecebfa863b2) Importer(815301076,1909f56bfc062723c751e8b465ee728b)
Start importing Assets/Prefabs/Menu_Principal.prefab using Guid(93531a412c88d1e4e9a13ecebfa863b2) Importer(815301076,1909f56bfc062723c751e8b465ee728b) (PreviewImporter) -> (artifact id: 'ecd971845f8c75801f7cb041b9eaf8c5') in 0.0282472 seconds
Number of updated asset objects reloaded before import = 0Number of asset objects unloaded after import = 219

========================================================================
Received Import Request.
  Time since last request: 3.058953 seconds.
  path: Assets/Prefabs/Menu_Principal.prefab
  artifactKey: Guid(93531a412c88d1e4e9a13ecebfa863b2) Importer(815301076,1909f56bfc062723c751e8b465ee728b)
Start importing Assets/Prefabs/Menu_Principal.prefab using Guid(93531a412c88d1e4e9a13ecebfa863b2) Importer(815301076,1909f56bfc062723c751e8b465ee728b) (PreviewImporter) -> (artifact id: '4d987e1696f67d2ab89715760b8377d7') in 0.0295628 seconds
Number of updated asset objects reloaded before import = 0Number of asset objects unloaded after import = 219

========================================================================
Received Import Request.
  Time since last request: 0.950000 seconds.
  path: Assets/Prefabs/Menu_Principal.prefab
  artifactKey: Guid(93531a412c88d1e4e9a13ecebfa863b2) Importer(815301076,1909f56bfc062723c751e8b465ee728b)
Start importing Assets/Prefabs/Menu_Principal.prefab using Guid(93531a412c88d1e4e9a13ecebfa863b2) Importer(815301076,1909f56bfc062723c751e8b465ee728b) (PreviewImporter) -> (artifact id: 'f3ba5e4beee0b8842066868b94eacbb9') in 0.0282141 seconds
Number of updated asset objects reloaded before import = 0Number of asset objects unloaded after import = 219

========================================================================
Received Import Request.
  Time since last request: 9.535821 seconds.
  path: Assets/Prefabs/Menu_Principal.prefab
  artifactKey: Guid(93531a412c88d1e4e9a13ecebfa863b2) Importer(815301076,1909f56bfc062723c751e8b465ee728b)
Start importing Assets/Prefabs/Menu_Principal.prefab using Guid(93531a412c88d1e4e9a13ecebfa863b2) Importer(815301076,1909f56bfc062723c751e8b465ee728b) (PreviewImporter) -> (artifact id: '2d4566b6bd4593e7f071010edcf25e2c') in 0.0326242 seconds
Number of updated asset objects reloaded before import = 0Number of asset objects unloaded after import = 219

========================================================================
Received Import Request.
  Time since last request: 2.536864 seconds.
  path: Assets/Prefabs/Menu_Principal.prefab
  artifactKey: Guid(93531a412c88d1e4e9a13ecebfa863b2) Importer(815301076,1909f56bfc062723c751e8b465ee728b)
Start importing Assets/Prefabs/Menu_Principal.prefab using Guid(93531a412c88d1e4e9a13ecebfa863b2) Importer(815301076,1909f56bfc062723c751e8b465ee728b) (PreviewImporter) -> (artifact id: 'f3a1e4a37124fd3bd88cda975a1d22ad') in 0.0286325 seconds
Number of updated asset objects reloaded before import = 0Number of asset objects unloaded after import = 219

========================================================================
Received Import Request.
  Time since last request: 6.822561 seconds.
  path: Assets/Prefabs/Menu_Principal.prefab
  artifactKey: Guid(93531a412c88d1e4e9a13ecebfa863b2) Importer(815301076,1909f56bfc062723c751e8b465ee728b)
Start importing Assets/Prefabs/Menu_Principal.prefab using Guid(93531a412c88d1e4e9a13ecebfa863b2) Importer(815301076,1909f56bfc062723c751e8b465ee728b) (PreviewImporter) -> (artifact id: '2366c8fdc0e8e1f18be760e40cc3f43e') in 0.0298806 seconds
Number of updated asset objects reloaded before import = 0Number of asset objects unloaded after import = 219

========================================================================
Received Import Request.
  Time since last request: 0.345998 seconds.
  path: Assets/Prefabs/Menu_Principal.prefab
  artifactKey: Guid(93531a412c88d1e4e9a13ecebfa863b2) Importer(815301076,1909f56bfc062723c751e8b465ee728b)
Start importing Assets/Prefabs/Menu_Principal.prefab using Guid(93531a412c88d1e4e9a13ecebfa863b2) Importer(815301076,1909f56bfc062723c751e8b465ee728b) (PreviewImporter) -> (artifact id: 'ff89f507dfef406ae83ecc4d2ad8894c') in 0.0301146 seconds
Number of updated asset objects reloaded before import = 0Number of asset objects unloaded after import = 219

========================================================================
Received Import Request.
  Time since last request: 0.530666 seconds.
  path: Assets/Prefabs/Menu_Principal.prefab
  artifactKey: Guid(93531a412c88d1e4e9a13ecebfa863b2) Importer(815301076,1909f56bfc062723c751e8b465ee728b)
Start importing Assets/Prefabs/Menu_Principal.prefab using Guid(93531a412c88d1e4e9a13ecebfa863b2) Importer(815301076,1909f56bfc062723c751e8b465ee728b) (PreviewImporter) -> (artifact id: 'ffcfe406e17feccad285aad8cc2ef9fd') in 0.0246218 seconds
Number of updated asset objects reloaded before import = 0Number of asset objects unloaded after import = 219

========================================================================
Received Import Request.
  Time since last request: 25.586959 seconds.
  path: Assets/Prefabs/Menu_Principal.prefab
  artifactKey: Guid(93531a412c88d1e4e9a13ecebfa863b2) Importer(815301076,1909f56bfc062723c751e8b465ee728b)
Start importing Assets/Prefabs/Menu_Principal.prefab using Guid(93531a412c88d1e4e9a13ecebfa863b2) Importer(815301076,1909f56bfc062723c751e8b465ee728b) (PreviewImporter) -> (artifact id: '3ba7d346c8f2e3e4e9ca19712a8bf4d4') in 0.0285233 seconds
Number of updated asset objects reloaded before import = 0Number of asset objects unloaded after import = 219

========================================================================
Received Prepare
[Licensing::Client] Successfully resolved entitlement details
Begin MonoManager ReloadAssembly
[Licensing::Client] Successfully resolved entitlement details
Symbol file LoadedFromMemory is not a mono symbol file
- Loaded All Assemblies, in  1.831 seconds
Script 'CharacterController' has the same name as built-in Unity component.
AddComponent and GetComponent will not work with this script.
'Packages/com.meta.xr.sdk.core/Editor/BuildingBlocks/BlocksWindow.cs' contains partial class of Unity.Object, exactly 1 of the partial classes needs to be in a file with the same filename. This is to know the one that can be referenced from ie. GameObjects
'Packages/com.meta.xr.sdk.core/Editor/BuildingBlocks/BlocksWindowDetailsExtension.cs' contains partial class of Unity.Object, exactly 1 of the partial classes needs to be in a file with the same filename. This is to know the one that can be referenced from ie. GameObjects
'Packages/com.meta.xr.sdk.core/Editor/BuildingBlocks/BlocksWindowCollectionsPageExtension.cs' contains partial class of Unity.Object, exactly 1 of the partial classes needs to be in a file with the same filename. This is to know the one that can be referenced from ie. GameObjects
Refreshing native plugins compatible for Editor in 11.12 ms, found 12 plugins.
Native extension for LinuxStandalone target not found
Native extension for Android target not found
Native extension for UWP target not found
Native extension for WindowsStandalone target not found
Failed to load: C:/Program Files/Unity/Hub/Editor/6000.2.14f1/Editor/Data/PlaybackEngines/VisionOSPlayer\x64\UnityEditor.VisionOS.Native.dll
Native extension for VisionOS target not found
Native extension for WebGL target not found
Refreshing native plugins compatible for Editor in 22.09 ms, found 12 plugins.
[Package Manager] Failed to launch server process. Reason: Unity was launched with the -noUpm command-line argument
[Package Manager] Unable to send message (not connected to server process).
[Package Manager] Cannot connect to Unity Package Manager local server
[Package Manager] Failed to launch server process. Reason: Unity was launched with the -noUpm command-line argument
[Package Manager] Unable to send message (not connected to server process).
[Package Manager] Cannot connect to Unity Package Manager local server
System.Reflection.TargetInvocationException: Exception has been thrown by the target of an invocation. ---> System.NullReferenceException: Object reference not set to an instance of an object
  at Unity.XR.Oculus.OculusLoader.AssetPathToAbsolutePath (System.String assetPath) [0x00041] in .\Library\PackageCache\com.unity.xr.oculus@44578ba4bd45\Runtime\OculusLoader.cs:312 
  at Unity.XR.Oculus.OculusLoader.EditorLoadOVRPlugin () [0x000dd] in .\Library\PackageCache\com.unity.xr.oculus@44578ba4bd45\Runtime\OculusLoader.cs:297 
  at (wrapper managed-to-native) System.Reflection.RuntimeMethodInfo.InternalInvoke(System.Reflection.RuntimeMethodInfo,object,object[],System.Exception&)
  at System.Reflection.RuntimeMethodInfo.Invoke (System.Object obj, System.Reflection.BindingFlags invokeAttr, System.Reflection.Binder binder, System.Object[] parameters, System.Globalization.CultureInfo culture) [0x0006a] in <3272951baa974b2ab5e8de68d60bfc1e>:0 
   --- End of inner exception stack trace ---
  at System.Reflection.RuntimeMethodInfo.Invoke (System.Object obj, System.Reflection.BindingFlags invokeAttr, System.Reflection.Binder binder, System.Object[] parameters, System.Globalization.CultureInfo culture) [0x00083] in <3272951baa974b2ab5e8de68d60bfc1e>:0 
  at System.Reflection.MethodBase.Invoke (System.Object obj, System.Object[] parameters) [0x00000] in <3272951baa974b2ab5e8de68d60bfc1e>:0 
  at UnityEditor.EditorAssemblies.ProcessInitializeOnLoadMethodAttributes () [0x00087] in <a895e2991ebf4b30a4a49ce8fe561053>:0 
UnityEngine.Debug:ExtractStackTraceNoAlloc (byte*,int,string)
UnityEngine.StackTraceUtility:ExtractStackTrace ()
UnityEngine.DebugLogHandler:Internal_Log (UnityEngine.LogType,UnityEngine.LogOption,string,UnityEngine.Object)
UnityEngine.DebugLogHandler:LogFormat (UnityEngine.LogType,UnityEngine.Object,string,object[])
UnityEngine.Logger:Log (UnityEngine.LogType,object)
UnityEngine.Debug:LogError (object)
UnityEditor.EditorAssemblies:ProcessInitializeOnLoadMethodAttributes ()

The project currently uses the compatibility mode where the Render Graph API is disabled. Support for this mode will be removed in future Unity versions. Migrate existing ScriptableRenderPasses to the new RenderGraph API. After the migration, disable the compatibility mode in Edit > Projects Settings > Graphics > Render Graph.
UnityEngine.Debug:ExtractStackTraceNoAlloc (byte*,int,string)
UnityEngine.StackTraceUtility:ExtractStackTrace ()
UnityEngine.DebugLogHandler:Internal_Log (UnityEngine.LogType,UnityEngine.LogOption,string,UnityEngine.Object)
UnityEngine.DebugLogHandler:LogFormat (UnityEngine.LogType,UnityEngine.Object,string,object[])
UnityEngine.Logger:Log (UnityEngine.LogType,object)
UnityEngine.Debug:LogWarning (object)
UnityEngine.Rendering.Universal.WarnUsingNonRenderGraph:EmitConsoleWarning () (at ./Library/PackageCache/com.unity.render-pipelines.universal@8a8bcae6893e/Runtime/Data/UniversalRenderPipelineAsset.cs:432)
System.Reflection.RuntimeMethodInfo:Invoke (object,System.Reflection.BindingFlags,System.Reflection.Binder,object[],System.Globalization.CultureInfo)
System.Reflection.MethodBase:Invoke (object,object[])
UnityEditor.EditorAssemblies:ProcessInitializeOnLoadMethodAttributes ()

(Filename: ./Library/PackageCache/com.unity.render-pipelines.universal@8a8bcae6893e/Runtime/Data/UniversalRenderPipelineAsset.cs Line: 432)

Mono: successfully reloaded assembly
[Package Manager] Failed to launch server process. Reason: Unity was launched with the -noUpm command-line argument
[Package Manager] Unable to send message (not connected to server process).
[Package Manager] Cannot connect to Unity Package Manager local server
- Finished resetting the current domain, in  2.432 seconds
Domain Reload Profiling: 4257ms
	BeginReloadAssembly (522ms)
		ExecutionOrderSort (0ms)
		DisableScriptedObjects (21ms)
		BackupInstance (0ms)
		ReleaseScriptingObjects (1ms)
		CreateAndSetChildDomain (193ms)
	RebuildCommonClasses (75ms)
	RebuildNativeTypeToScriptingClass (19ms)
	initialDomainReloadingComplete (42ms)
	LoadAllAssembliesAndSetupDomain (1167ms)
		LoadAssemblies (825ms)
		RebuildTransferFunctionScriptingTraits (0ms)
		AnalyzeDomain (524ms)
			TypeCache.Refresh (14ms)
				TypeCache.ScanAssembly (0ms)
			BuildScriptInfoCaches (462ms)
			ResolveRequiredComponents (40ms)
	FinalizeReload (2433ms)
		ReleaseScriptCaches (0ms)
		RebuildScriptCaches (0ms)
		SetupLoadedEditorAssemblies (2104ms)
			LogAssemblyErrors (0ms)
			InitializePlatformSupportModulesInManaged (45ms)
			SetLoadedEditorAssemblies (18ms)
			BeforeProcessingInitializeOnLoad (550ms)
			ProcessInitializeOnLoadAttributes (1204ms)
			ProcessInitializeOnLoadMethodAttributes (275ms)
			AfterProcessingInitializeOnLoad (11ms)
			EditorAssembliesLoaded (1ms)
		ExecutionOrderSort2 (0ms)
		AwakeInstancesAfterBackupRestoration (31ms)
Shader 'Meta/MRUK/Scene/HighlightsAndShadows': fallback shader 'Off' not found
Shader 'Oculus/OVRMRCameraFrameLit': fallback shader 'Alpha-Diffuse' not found
Refreshing native plugins compatible for Editor in 18.57 ms, found 12 plugins.
Preloading 3 native plugins for Editor in 0.40 ms.
Unloading 16 Unused Serialized files (Serialized files now loaded: 0)
Unloading 9020 unused Assets / (5.8 MB). Loaded Objects now: 9838.
Memory consumption went from 181.5 MB to 175.7 MB.
Total: 26.560700 ms (FindLiveObjects: 1.652900 ms CreateObjectMapping: 2.703500 ms MarkObjects: 15.658800 ms  DeleteObjects: 6.543500 ms)

Prepare: number of updated asset objects reloaded= 0
========================================================================
Received Prepare
[Licensing::Client] Successfully resolved entitlement details
Begin MonoManager ReloadAssembly
[Licensing::Client] Successfully resolved entitlement details
Symbol file LoadedFromMemory is not a mono symbol file
- Loaded All Assemblies, in  1.471 seconds
Script 'CharacterController' has the same name as built-in Unity component.
AddComponent and GetComponent will not work with this script.
'Packages/com.meta.xr.sdk.core/Editor/BuildingBlocks/BlocksWindow.cs' contains partial class of Unity.Object, exactly 1 of the partial classes needs to be in a file with the same filename. This is to know the one that can be referenced from ie. GameObjects
'Packages/com.meta.xr.sdk.core/Editor/BuildingBlocks/BlocksWindowDetailsExtension.cs' contains partial class of Unity.Object, exactly 1 of the partial classes needs to be in a file with the same filename. This is to know the one that can be referenced from ie. GameObjects
'Packages/com.meta.xr.sdk.core/Editor/BuildingBlocks/BlocksWindowCollectionsPageExtension.cs' contains partial class of Unity.Object, exactly 1 of the partial classes needs to be in a file with the same filename. This is to know the one that can be referenced from ie. GameObjects
Refreshing native plugins compatible for Editor in 14.55 ms, found 12 plugins.
Native extension for LinuxStandalone target not found
Native extension for Android target not found
Native extension for UWP target not found
Native extension for WindowsStandalone target not found
Failed to load: C:/Program Files/Unity/Hub/Editor/6000.2.14f1/Editor/Data/PlaybackEngines/VisionOSPlayer\x64\UnityEditor.VisionOS.Native.dll
Native extension for VisionOS target not found
Native extension for WebGL target not found
Refreshing native plugins compatible for Editor in 10.84 ms, found 12 plugins.
[Package Manager] Failed to launch server process. Reason: Unity was launched with the -noUpm command-line argument
[Package Manager] Unable to send message (not connected to server process).
[Package Manager] Cannot connect to Unity Package Manager local server
[Package Manager] Failed to launch server process. Reason: Unity was launched with the -noUpm command-line argument
[Package Manager] Unable to send message (not connected to server process).
[Package Manager] Cannot connect to Unity Package Manager local server
System.Reflection.TargetInvocationException: Exception has been thrown by the target of an invocation. ---> System.NullReferenceException: Object reference not set to an instance of an object
  at Unity.XR.Oculus.OculusLoader.AssetPathToAbsolutePath (System.String assetPath) [0x00041] in .\Library\PackageCache\com.unity.xr.oculus@44578ba4bd45\Runtime\OculusLoader.cs:312 
  at Unity.XR.Oculus.OculusLoader.EditorLoadOVRPlugin () [0x000dd] in .\Library\PackageCache\com.unity.xr.oculus@44578ba4bd45\Runtime\OculusLoader.cs:297 
  at (wrapper managed-to-native) System.Reflection.RuntimeMethodInfo.InternalInvoke(System.Reflection.RuntimeMethodInfo,object,object[],System.Exception&)
  at System.Reflection.RuntimeMethodInfo.Invoke (System.Object obj, System.Reflection.BindingFlags invokeAttr, System.Reflection.Binder binder, System.Object[] parameters, System.Globalization.CultureInfo culture) [0x0006a] in <3272951baa974b2ab5e8de68d60bfc1e>:0 
   --- End of inner exception stack trace ---
  at System.Reflection.RuntimeMethodInfo.Invoke (System.Object obj, System.Reflection.BindingFlags invokeAttr, System.Reflection.Binder binder, System.Object[] parameters, System.Globalization.CultureInfo culture) [0x00083] in <3272951baa974b2ab5e8de68d60bfc1e>:0 
  at System.Reflection.MethodBase.Invoke (System.Object obj, System.Object[] parameters) [0x00000] in <3272951baa974b2ab5e8de68d60bfc1e>:0 
  at UnityEditor.EditorAssemblies.ProcessInitializeOnLoadMethodAttributes () [0x00087] in <a895e2991ebf4b30a4a49ce8fe561053>:0 
UnityEngine.Debug:ExtractStackTraceNoAlloc (byte*,int,string)
UnityEngine.StackTraceUtility:ExtractStackTrace ()
UnityEngine.DebugLogHandler:Internal_Log (UnityEngine.LogType,UnityEngine.LogOption,string,UnityEngine.Object)
UnityEngine.DebugLogHandler:LogFormat (UnityEngine.LogType,UnityEngine.Object,string,object[])
UnityEngine.Logger:Log (UnityEngine.LogType,object)
UnityEngine.Debug:LogError (object)
UnityEditor.EditorAssemblies:ProcessInitializeOnLoadMethodAttributes ()

The project currently uses the compatibility mode where the Render Graph API is disabled. Support for this mode will be removed in future Unity versions. Migrate existing ScriptableRenderPasses to the new RenderGraph API. After the migration, disable the compatibility mode in Edit > Projects Settings > Graphics > Render Graph.
UnityEngine.Debug:ExtractStackTraceNoAlloc (byte*,int,string)
UnityEngine.StackTraceUtility:ExtractStackTrace ()
UnityEngine.DebugLogHandler:Internal_Log (UnityEngine.LogType,UnityEngine.LogOption,string,UnityEngine.Object)
UnityEngine.DebugLogHandler:LogFormat (UnityEngine.LogType,UnityEngine.Object,string,object[])
UnityEngine.Logger:Log (UnityEngine.LogType,object)
UnityEngine.Debug:LogWarning (object)
UnityEngine.Rendering.Universal.WarnUsingNonRenderGraph:EmitConsoleWarning () (at ./Library/PackageCache/com.unity.render-pipelines.universal@8a8bcae6893e/Runtime/Data/UniversalRenderPipelineAsset.cs:432)
System.Reflection.RuntimeMethodInfo:Invoke (object,System.Reflection.BindingFlags,System.Reflection.Binder,object[],System.Globalization.CultureInfo)
System.Reflection.MethodBase:Invoke (object,object[])
UnityEditor.EditorAssemblies:ProcessInitializeOnLoadMethodAttributes ()

(Filename: ./Library/PackageCache/com.unity.render-pipelines.universal@8a8bcae6893e/Runtime/Data/UniversalRenderPipelineAsset.cs Line: 432)

Mono: successfully reloaded assembly
[Package Manager] Failed to launch server process. Reason: Unity was launched with the -noUpm command-line argument
[Package Manager] Unable to send message (not connected to server process).
[Package Manager] Cannot connect to Unity Package Manager local server
- Finished resetting the current domain, in  1.984 seconds
Domain Reload Profiling: 3455ms
	BeginReloadAssembly (329ms)
		ExecutionOrderSort (0ms)
		DisableScriptedObjects (13ms)
		BackupInstance (0ms)
		ReleaseScriptingObjects (0ms)
		CreateAndSetChildDomain (78ms)
	RebuildCommonClasses (51ms)
	RebuildNativeTypeToScriptingClass (27ms)
	initialDomainReloadingComplete (42ms)
	LoadAllAssembliesAndSetupDomain (1021ms)
		LoadAssemblies (748ms)
		RebuildTransferFunctionScriptingTraits (0ms)
		AnalyzeDomain (423ms)
			TypeCache.Refresh (13ms)
				TypeCache.ScanAssembly (0ms)
			BuildScriptInfoCaches (370ms)
			ResolveRequiredComponents (31ms)
	FinalizeReload (1985ms)
		ReleaseScriptCaches (0ms)
		RebuildScriptCaches (0ms)
		SetupLoadedEditorAssemblies (1696ms)
			LogAssemblyErrors (0ms)
			InitializePlatformSupportModulesInManaged (40ms)
			SetLoadedEditorAssemblies (17ms)
			BeforeProcessingInitializeOnLoad (464ms)
			ProcessInitializeOnLoadAttributes (952ms)
			ProcessInitializeOnLoadMethodAttributes (214ms)
			AfterProcessingInitializeOnLoad (9ms)
			EditorAssembliesLoaded (1ms)
		ExecutionOrderSort2 (0ms)
		AwakeInstancesAfterBackupRestoration (23ms)
Shader 'Meta/MRUK/Scene/HighlightsAndShadows': fallback shader 'Off' not found
Shader 'Oculus/OVRMRCameraFrameLit': fallback shader 'Alpha-Diffuse' not found
Refreshing native plugins compatible for Editor in 13.85 ms, found 12 plugins.
Preloading 3 native plugins for Editor in 0.36 ms.
Unloading 16 Unused Serialized files (Serialized files now loaded: 0)
Unloading 9016 unused Assets / (5.3 MB). Loaded Objects now: 9842.
Memory consumption went from 181.5 MB to 176.2 MB.
Total: 19.979400 ms (FindLiveObjects: 1.324600 ms CreateObjectMapping: 2.188700 ms MarkObjects: 11.859800 ms  DeleteObjects: 4.604500 ms)

Prepare: number of updated asset objects reloaded= 0
========================================================================
Received Import Request.
  Time since last request: 219.382145 seconds.
  path: Assets/Prefabs/Menu_Principal.prefab
  artifactKey: Guid(93531a412c88d1e4e9a13ecebfa863b2) Importer(815301076,1909f56bfc062723c751e8b465ee728b)
Start importing Assets/Prefabs/Menu_Principal.prefab using Guid(93531a412c88d1e4e9a13ecebfa863b2) Importer(815301076,1909f56bfc062723c751e8b465ee728b) (PreviewImporter) -> (artifact id: 'd404998f811976785ab048433c5ee0a6') in 0.1665619 seconds
Number of updated asset objects reloaded before import = 0Number of asset objects unloaded after import = 219

========================================================================
Received Import Request.
  Time since last request: 3.105106 seconds.
  path: Assets/Prefabs/Menu_Principal.prefab
  artifactKey: Guid(93531a412c88d1e4e9a13ecebfa863b2) Importer(815301076,1909f56bfc062723c751e8b465ee728b)
Start importing Assets/Prefabs/Menu_Principal.prefab using Guid(93531a412c88d1e4e9a13ecebfa863b2) Importer(815301076,1909f56bfc062723c751e8b465ee728b) (PreviewImporter) -> (artifact id: '027fc9a9b1ae5ad53562744597374c21') in 0.0291854 seconds
Number of updated asset objects reloaded before import = 0Number of asset objects unloaded after import = 219

========================================================================
Received Import Request.
  Time since last request: 18.165091 seconds.
  path: Assets/Prefabs/Menu_Principal.prefab
  artifactKey: Guid(93531a412c88d1e4e9a13ecebfa863b2) Importer(815301076,1909f56bfc062723c751e8b465ee728b)
Start importing Assets/Prefabs/Menu_Principal.prefab using Guid(93531a412c88d1e4e9a13ecebfa863b2) Importer(815301076,1909f56bfc062723c751e8b465ee728b) (PreviewImporter) -> (artifact id: '86d71640ac0242a6353846e327cf3e03') in 0.0277943 seconds
Number of updated asset objects reloaded before import = 0Number of asset objects unloaded after import = 219

========================================================================
Received Import Request.
  Time since last request: 2.581912 seconds.
  path: Assets/Prefabs/Menu_Principal.prefab
  artifactKey: Guid(93531a412c88d1e4e9a13ecebfa863b2) Importer(815301076,1909f56bfc062723c751e8b465ee728b)
Start importing Assets/Prefabs/Menu_Principal.prefab using Guid(93531a412c88d1e4e9a13ecebfa863b2) Importer(815301076,1909f56bfc062723c751e8b465ee728b) (PreviewImporter) -> (artifact id: '9a12d72782f0367781d31667a3a8841f') in 0.02938 seconds
Number of updated asset objects reloaded before import = 0Number of asset objects unloaded after import = 219

========================================================================
Received Import Request.
  Time since last request: 1.117190 seconds.
  path: Assets/Prefabs/Menu_Principal.prefab
  artifactKey: Guid(93531a412c88d1e4e9a13ecebfa863b2) Importer(815301076,1909f56bfc062723c751e8b465ee728b)
Start importing Assets/Prefabs/Menu_Principal.prefab using Guid(93531a412c88d1e4e9a13ecebfa863b2) Importer(815301076,1909f56bfc062723c751e8b465ee728b) (PreviewImporter) -> (artifact id: '1e9e45bf39c4268b43e42259275a6886') in 0.0298992 seconds
Number of updated asset objects reloaded before import = 0Number of asset objects unloaded after import = 219

========================================================================
Received Import Request.
  Time since last request: 5.015547 seconds.
  path: Assets/Prefabs/Menu_Principal.prefab
  artifactKey: Guid(93531a412c88d1e4e9a13ecebfa863b2) Importer(815301076,1909f56bfc062723c751e8b465ee728b)
Start importing Assets/Prefabs/Menu_Principal.prefab using Guid(93531a412c88d1e4e9a13ecebfa863b2) Importer(815301076,1909f56bfc062723c751e8b465ee728b) (PreviewImporter) -> (artifact id: '5c1a8818be8510a52ce9c36ce2c214f7') in 0.0318683 seconds
Number of updated asset objects reloaded before import = 0Number of asset objects unloaded after import = 219

========================================================================
Received Import Request.
  Time since last request: 0.123287 seconds.
  path: Assets/Prefabs/Menu_Principal.prefab
  artifactKey: Guid(93531a412c88d1e4e9a13ecebfa863b2) Importer(815301076,1909f56bfc062723c751e8b465ee728b)
Start importing Assets/Prefabs/Menu_Principal.prefab using Guid(93531a412c88d1e4e9a13ecebfa863b2) Importer(815301076,1909f56bfc062723c751e8b465ee728b) (PreviewImporter) -> (artifact id: 'b5126830773d59b9c8e3ac11bd63946a') in 0.0301047 seconds
Number of updated asset objects reloaded before import = 0Number of asset objects unloaded after import = 219

========================================================================
Received Import Request.
  Time since last request: 0.906535 seconds.
  path: Assets/Prefabs/Menu_Principal.prefab
  artifactKey: Guid(93531a412c88d1e4e9a13ecebfa863b2) Importer(815301076,1909f56bfc062723c751e8b465ee728b)
Start importing Assets/Prefabs/Menu_Principal.prefab using Guid(93531a412c88d1e4e9a13ecebfa863b2) Importer(815301076,1909f56bfc062723c751e8b465ee728b) (PreviewImporter) -> (artifact id: 'f278a57598e84eceef5f35fef92fd989') in 0.0309823 seconds
Number of updated asset objects reloaded before import = 0Number of asset objects unloaded after import = 219

========================================================================
Received Import Request.
  Time since last request: 14.098778 seconds.
  path: Assets/Prefabs/Menu_Principal.prefab
  artifactKey: Guid(93531a412c88d1e4e9a13ecebfa863b2) Importer(815301076,1909f56bfc062723c751e8b465ee728b)
Start importing Assets/Prefabs/Menu_Principal.prefab using Guid(93531a412c88d1e4e9a13ecebfa863b2) Importer(815301076,1909f56bfc062723c751e8b465ee728b) (PreviewImporter) -> (artifact id: '1ad5271e5762e84b1198b0ee3784ea8f') in 0.0322065 seconds
Number of updated asset objects reloaded before import = 0Number of asset objects unloaded after import = 219

========================================================================
Received Import Request.
  Time since last request: 3.160363 seconds.
  path: Assets/Prefabs/Menu_Principal.prefab
  artifactKey: Guid(93531a412c88d1e4e9a13ecebfa863b2) Importer(815301076,1909f56bfc062723c751e8b465ee728b)
Start importing Assets/Prefabs/Menu_Principal.prefab using Guid(93531a412c88d1e4e9a13ecebfa863b2) Importer(815301076,1909f56bfc062723c751e8b465ee728b) (PreviewImporter) -> (artifact id: 'd711c5922f9d5ab426f9d272d1f39c57') in 0.0325604 seconds
Number of updated asset objects reloaded before import = 0Number of asset objects unloaded after import = 219

========================================================================
Received Import Request.
  Time since last request: 2.743487 seconds.
  path: Assets/Prefabs/Menu_Principal.prefab
  artifactKey: Guid(93531a412c88d1e4e9a13ecebfa863b2) Importer(815301076,1909f56bfc062723c751e8b465ee728b)
Start importing Assets/Prefabs/Menu_Principal.prefab using Guid(93531a412c88d1e4e9a13ecebfa863b2) Importer(815301076,1909f56bfc062723c751e8b465ee728b) (PreviewImporter) -> (artifact id: '898c15bc4d87053cd63d20cd646a0659') in 0.0303503 seconds
Number of updated asset objects reloaded before import = 0Number of asset objects unloaded after import = 219

========================================================================
Received Import Request.
  Time since last request: 7.556647 seconds.
  path: Assets/Prefabs/Menu_Principal.prefab
  artifactKey: Guid(93531a412c88d1e4e9a13ecebfa863b2) Importer(815301076,1909f56bfc062723c751e8b465ee728b)
Start importing Assets/Prefabs/Menu_Principal.prefab using Guid(93531a412c88d1e4e9a13ecebfa863b2) Importer(815301076,1909f56bfc062723c751e8b465ee728b) (PreviewImporter) -> (artifact id: '2b1603a77ea06bf4688306151ca121ed') in 0.0298336 seconds
Number of updated asset objects reloaded before import = 0Number of asset objects unloaded after import = 219

========================================================================
Received Import Request.
  Time since last request: 5.196067 seconds.
  path: Assets/Prefabs/Menu_Principal.prefab
  artifactKey: Guid(93531a412c88d1e4e9a13ecebfa863b2) Importer(815301076,1909f56bfc062723c751e8b465ee728b)
Start importing Assets/Prefabs/Menu_Principal.prefab using Guid(93531a412c88d1e4e9a13ecebfa863b2) Importer(815301076,1909f56bfc062723c751e8b465ee728b) (PreviewImporter) -> (artifact id: '280a918a865eaf9ecb741c777b6908bd') in 0.0323147 seconds
Number of updated asset objects reloaded before import = 0Number of asset objects unloaded after import = 219

========================================================================
Received Import Request.
  Time since last request: 1.121160 seconds.
  path: Assets/Prefabs/Menu_Principal.prefab
  artifactKey: Guid(93531a412c88d1e4e9a13ecebfa863b2) Importer(815301076,1909f56bfc062723c751e8b465ee728b)
Start importing Assets/Prefabs/Menu_Principal.prefab using Guid(93531a412c88d1e4e9a13ecebfa863b2) Importer(815301076,1909f56bfc062723c751e8b465ee728b) (PreviewImporter) -> (artifact id: 'fe671637a9a3a4bc8449c2d03c845962') in 0.0272031 seconds
Number of updated asset objects reloaded before import = 0Number of asset objects unloaded after import = 219

========================================================================
Received Import Request.
  Time since last request: 11.542470 seconds.
  path: Assets/Prefabs/Menu_Principal.prefab
  artifactKey: Guid(93531a412c88d1e4e9a13ecebfa863b2) Importer(815301076,1909f56bfc062723c751e8b465ee728b)
Start importing Assets/Prefabs/Menu_Principal.prefab using Guid(93531a412c88d1e4e9a13ecebfa863b2) Importer(815301076,1909f56bfc062723c751e8b465ee728b) (PreviewImporter) -> (artifact id: '69a4dc31df997ad5f35b60ba7ef207b4') in 0.0284041 seconds
Number of updated asset objects reloaded before import = 0Number of asset objects unloaded after import = 219

========================================================================
Received Import Request.
  Time since last request: 3.022378 seconds.
  path: Assets/Prefabs/Menu_Principal.prefab
  artifactKey: Guid(93531a412c88d1e4e9a13ecebfa863b2) Importer(815301076,1909f56bfc062723c751e8b465ee728b)
Start importing Assets/Prefabs/Menu_Principal.prefab using Guid(93531a412c88d1e4e9a13ecebfa863b2) Importer(815301076,1909f56bfc062723c751e8b465ee728b) (PreviewImporter) -> (artifact id: 'fd4ea28b99892ac044990691fdd8bb1e') in 0.0277486 seconds
Number of updated asset objects reloaded before import = 0Number of asset objects unloaded after import = 219

========================================================================
Received Import Request.
  Time since last request: 1.964797 seconds.
  path: Assets/Prefabs/Menu_Principal.prefab
  artifactKey: Guid(93531a412c88d1e4e9a13ecebfa863b2) Importer(815301076,1909f56bfc062723c751e8b465ee728b)
Start importing Assets/Prefabs/Menu_Principal.prefab using Guid(93531a412c88d1e4e9a13ecebfa863b2) Importer(815301076,1909f56bfc062723c751e8b465ee728b) (PreviewImporter) -> (artifact id: '62caec2e051ca0408fb035ff708ea4d3') in 0.0300182 seconds
Number of updated asset objects reloaded before import = 0Number of asset objects unloaded after import = 219

========================================================================
Received Import Request.
  Time since last request: 4.782356 seconds.
  path: Assets/Prefabs/Menu_Principal.prefab
  artifactKey: Guid(93531a412c88d1e4e9a13ecebfa863b2) Importer(815301076,1909f56bfc062723c751e8b465ee728b)
Start importing Assets/Prefabs/Menu_Principal.prefab using Guid(93531a412c88d1e4e9a13ecebfa863b2) Importer(815301076,1909f56bfc062723c751e8b465ee728b) (PreviewImporter) -> (artifact id: 'b4c75b9565565d122521ff6bf497a5ca') in 0.0259168 seconds
Number of updated asset objects reloaded before import = 0Number of asset objects unloaded after import = 219

========================================================================
Received Import Request.
  Time since last request: 2.512157 seconds.
  path: Assets/Prefabs/Menu_Principal.prefab
  artifactKey: Guid(93531a412c88d1e4e9a13ecebfa863b2) Importer(815301076,1909f56bfc062723c751e8b465ee728b)
Start importing Assets/Prefabs/Menu_Principal.prefab using Guid(93531a412c88d1e4e9a13ecebfa863b2) Importer(815301076,1909f56bfc062723c751e8b465ee728b) (PreviewImporter) -> (artifact id: '945176cf3403622ba0ad88bd07450642') in 0.0267538 seconds
Number of updated asset objects reloaded before import = 0Number of asset objects unloaded after import = 219

========================================================================
Received Import Request.
  Time since last request: 2.375644 seconds.
  path: Assets/Prefabs/Menu_Principal.prefab
  artifactKey: Guid(93531a412c88d1e4e9a13ecebfa863b2) Importer(815301076,1909f56bfc062723c751e8b465ee728b)
Start importing Assets/Prefabs/Menu_Principal.prefab using Guid(93531a412c88d1e4e9a13ecebfa863b2) Importer(815301076,1909f56bfc062723c751e8b465ee728b) (PreviewImporter) -> (artifact id: 'f5f798fc759cf2a88ae82fce5c86a6ec') in 0.0328492 seconds
Number of updated asset objects reloaded before import = 0Number of asset objects unloaded after import = 219

========================================================================
Received Import Request.
  Time since last request: 2.937468 seconds.
  path: Assets/Prefabs/Menu_Principal.prefab
  artifactKey: Guid(93531a412c88d1e4e9a13ecebfa863b2) Importer(815301076,1909f56bfc062723c751e8b465ee728b)
Start importing Assets/Prefabs/Menu_Principal.prefab using Guid(93531a412c88d1e4e9a13ecebfa863b2) Importer(815301076,1909f56bfc062723c751e8b465ee728b) (PreviewImporter) -> (artifact id: 'abfedd6af92e3e229e3c8c81f9af513d') in 0.0267467 seconds
Number of updated asset objects reloaded before import = 0Number of asset objects unloaded after import = 219

========================================================================
Received Import Request.
  Time since last request: 3.410432 seconds.
  path: Assets/Prefabs/Menu_Principal.prefab
  artifactKey: Guid(93531a412c88d1e4e9a13ecebfa863b2) Importer(815301076,1909f56bfc062723c751e8b465ee728b)
Start importing Assets/Prefabs/Menu_Principal.prefab using Guid(93531a412c88d1e4e9a13ecebfa863b2) Importer(815301076,1909f56bfc062723c751e8b465ee728b) (PreviewImporter) -> (artifact id: '8f36c6b9a0368ea36e33cf6311fccc42') in 0.0328525 seconds
Number of updated asset objects reloaded before import = 0Number of asset objects unloaded after import = 219

========================================================================
Received Import Request.
  Time since last request: 1.766912 seconds.
  path: Assets/Prefabs/Menu_Principal.prefab
  artifactKey: Guid(93531a412c88d1e4e9a13ecebfa863b2) Importer(815301076,1909f56bfc062723c751e8b465ee728b)
Start importing Assets/Prefabs/Menu_Principal.prefab using Guid(93531a412c88d1e4e9a13ecebfa863b2) Importer(815301076,1909f56bfc062723c751e8b465ee728b) (PreviewImporter) -> (artifact id: 'cfe3d6ce623d96e33220e28565c91962') in 0.0265377 seconds
Number of updated asset objects reloaded before import = 0Number of asset objects unloaded after import = 219

========================================================================
Received Import Request.
  Time since last request: 0.525705 seconds.
  path: Assets/Prefabs/Menu_Principal.prefab
  artifactKey: Guid(93531a412c88d1e4e9a13ecebfa863b2) Importer(815301076,1909f56bfc062723c751e8b465ee728b)
Start importing Assets/Prefabs/Menu_Principal.prefab using Guid(93531a412c88d1e4e9a13ecebfa863b2) Importer(815301076,1909f56bfc062723c751e8b465ee728b) (PreviewImporter) -> (artifact id: '8a7d0d80a199f54eb6064246e870b760') in 0.0299038 seconds
Number of updated asset objects reloaded before import = 0Number of asset objects unloaded after import = 219

========================================================================
Received Import Request.
  Time since last request: 0.632439 seconds.
  path: Assets/Prefabs/Menu_Principal.prefab
  artifactKey: Guid(93531a412c88d1e4e9a13ecebfa863b2) Importer(815301076,1909f56bfc062723c751e8b465ee728b)
Start importing Assets/Prefabs/Menu_Principal.prefab using Guid(93531a412c88d1e4e9a13ecebfa863b2) Importer(815301076,1909f56bfc062723c751e8b465ee728b) (PreviewImporter) -> (artifact id: '9946df6495acc27408c7038a129a04d0') in 0.0297135 seconds
Number of updated asset objects reloaded before import = 0Number of asset objects unloaded after import = 219

========================================================================
Received Import Request.
  Time since last request: 1.762957 seconds.
  path: Assets/Prefabs/Menu_Principal.prefab
  artifactKey: Guid(93531a412c88d1e4e9a13ecebfa863b2) Importer(815301076,1909f56bfc062723c751e8b465ee728b)
Start importing Assets/Prefabs/Menu_Principal.prefab using Guid(93531a412c88d1e4e9a13ecebfa863b2) Importer(815301076,1909f56bfc062723c751e8b465ee728b) (PreviewImporter) -> (artifact id: 'dec48f7195ee5dd055f210ff163bc4c3') in 0.0268063 seconds
Number of updated asset objects reloaded before import = 0Number of asset objects unloaded after import = 219

========================================================================
Received Import Request.
  Time since last request: 0.330323 seconds.
  path: Assets/Prefabs/Menu_Principal.prefab
  artifactKey: Guid(93531a412c88d1e4e9a13ecebfa863b2) Importer(815301076,1909f56bfc062723c751e8b465ee728b)
Start importing Assets/Prefabs/Menu_Principal.prefab using Guid(93531a412c88d1e4e9a13ecebfa863b2) Importer(815301076,1909f56bfc062723c751e8b465ee728b) (PreviewImporter) -> (artifact id: 'b1225a8fa2da71e5d78839762b24ab84') in 0.0271379 seconds
Number of updated asset objects reloaded before import = 0Number of asset objects unloaded after import = 219

========================================================================
Received Import Request.
  Time since last request: 5.588033 seconds.
  path: Assets/Prefabs/Menu_Principal.prefab
  artifactKey: Guid(93531a412c88d1e4e9a13ecebfa863b2) Importer(815301076,1909f56bfc062723c751e8b465ee728b)
Start importing Assets/Prefabs/Menu_Principal.prefab using Guid(93531a412c88d1e4e9a13ecebfa863b2) Importer(815301076,1909f56bfc062723c751e8b465ee728b) (PreviewImporter) -> (artifact id: '40225930abee4d640b1e14bc547f84e0') in 0.0281331 seconds
Number of updated asset objects reloaded before import = 0Number of asset objects unloaded after import = 219

========================================================================
Received Import Request.
  Time since last request: 0.746467 seconds.
  path: Assets/Prefabs/Menu_Principal.prefab
  artifactKey: Guid(93531a412c88d1e4e9a13ecebfa863b2) Importer(815301076,1909f56bfc062723c751e8b465ee728b)
Start importing Assets/Prefabs/Menu_Principal.prefab using Guid(93531a412c88d1e4e9a13ecebfa863b2) Importer(815301076,1909f56bfc062723c751e8b465ee728b) (PreviewImporter) -> (artifact id: '0774c6a9415c458b73a9601db81a7ce4') in 0.0274631 seconds
Number of updated asset objects reloaded before import = 0Number of asset objects unloaded after import = 219

========================================================================
Received Import Request.
  Time since last request: 3.155330 seconds.
  path: Assets/Prefabs/Menu_Principal.prefab
  artifactKey: Guid(93531a412c88d1e4e9a13ecebfa863b2) Importer(815301076,1909f56bfc062723c751e8b465ee728b)
Start importing Assets/Prefabs/Menu_Principal.prefab using Guid(93531a412c88d1e4e9a13ecebfa863b2) Importer(815301076,1909f56bfc062723c751e8b465ee728b) (PreviewImporter) -> (artifact id: '6723a8322c5fcb50365e55f0b20a794b') in 0.0335751 seconds
Number of updated asset objects reloaded before import = 0Number of asset objects unloaded after import = 219

========================================================================
Received Import Request.
  Time since last request: 0.923205 seconds.
  path: Assets/Prefabs/Menu_Principal.prefab
  artifactKey: Guid(93531a412c88d1e4e9a13ecebfa863b2) Importer(815301076,1909f56bfc062723c751e8b465ee728b)
Start importing Assets/Prefabs/Menu_Principal.prefab using Guid(93531a412c88d1e4e9a13ecebfa863b2) Importer(815301076,1909f56bfc062723c751e8b465ee728b) (PreviewImporter) -> (artifact id: '8d9d1fc36c1b092a388c90501c3efefe') in 0.0276575 seconds
Number of updated asset objects reloaded before import = 0Number of asset objects unloaded after import = 219

========================================================================
Received Import Request.
  Time since last request: 1.361299 seconds.
  path: Assets/Prefabs/Menu_Principal.prefab
  artifactKey: Guid(93531a412c88d1e4e9a13ecebfa863b2) Importer(815301076,1909f56bfc062723c751e8b465ee728b)
Start importing Assets/Prefabs/Menu_Principal.prefab using Guid(93531a412c88d1e4e9a13ecebfa863b2) Importer(815301076,1909f56bfc062723c751e8b465ee728b) (PreviewImporter) -> (artifact id: 'bc88774bf8a6e2da60a901fa58a3c04b') in 0.0320908 seconds
Number of updated asset objects reloaded before import = 0Number of asset objects unloaded after import = 219

========================================================================
Received Import Request.
  Time since last request: 8.756638 seconds.
  path: Assets/Prefabs/Menu_Principal.prefab
  artifactKey: Guid(93531a412c88d1e4e9a13ecebfa863b2) Importer(815301076,1909f56bfc062723c751e8b465ee728b)
Start importing Assets/Prefabs/Menu_Principal.prefab using Guid(93531a412c88d1e4e9a13ecebfa863b2) Importer(815301076,1909f56bfc062723c751e8b465ee728b) (PreviewImporter) -> (artifact id: 'cdf51fb4fec10c6c1e9d509be70f1307') in 0.0274564 seconds
Number of updated asset objects reloaded before import = 0Number of asset objects unloaded after import = 219

========================================================================
Received Import Request.
  Time since last request: 1.933849 seconds.
  path: Assets/Prefabs/Menu_Principal.prefab
  artifactKey: Guid(93531a412c88d1e4e9a13ecebfa863b2) Importer(815301076,1909f56bfc062723c751e8b465ee728b)
Start importing Assets/Prefabs/Menu_Principal.prefab using Guid(93531a412c88d1e4e9a13ecebfa863b2) Importer(815301076,1909f56bfc062723c751e8b465ee728b) (PreviewImporter) -> (artifact id: '9a554322f347fbceeae068d96d96e9d3') in 0.0295284 seconds
Number of updated asset objects reloaded before import = 0Number of asset objects unloaded after import = 219

========================================================================
Received Import Request.
  Time since last request: 1.587850 seconds.
  path: Assets/Prefabs/Menu_Principal.prefab
  artifactKey: Guid(93531a412c88d1e4e9a13ecebfa863b2) Importer(815301076,1909f56bfc062723c751e8b465ee728b)
Start importing Assets/Prefabs/Menu_Principal.prefab using Guid(93531a412c88d1e4e9a13ecebfa863b2) Importer(815301076,1909f56bfc062723c751e8b465ee728b) (PreviewImporter) -> (artifact id: 'b50b31939a3d4d7627054e592ef9ffe5') in 0.0284365 seconds
Number of updated asset objects reloaded before import = 0Number of asset objects unloaded after import = 219

========================================================================
Received Prepare
[Licensing::Client] Successfully resolved entitlement details
Begin MonoManager ReloadAssembly
[Licensing::Client] Successfully resolved entitlement details
Symbol file LoadedFromMemory is not a mono symbol file
- Loaded All Assemblies, in  1.549 seconds
Script 'CharacterController' has the same name as built-in Unity component.
AddComponent and GetComponent will not work with this script.
'Packages/com.meta.xr.sdk.core/Editor/BuildingBlocks/BlocksWindow.cs' contains partial class of Unity.Object, exactly 1 of the partial classes needs to be in a file with the same filename. This is to know the one that can be referenced from ie. GameObjects
'Packages/com.meta.xr.sdk.core/Editor/BuildingBlocks/BlocksWindowDetailsExtension.cs' contains partial class of Unity.Object, exactly 1 of the partial classes needs to be in a file with the same filename. This is to know the one that can be referenced from ie. GameObjects
'Packages/com.meta.xr.sdk.core/Editor/BuildingBlocks/BlocksWindowCollectionsPageExtension.cs' contains partial class of Unity.Object, exactly 1 of the partial classes needs to be in a file with the same filename. This is to know the one that can be referenced from ie. GameObjects
Refreshing native plugins compatible for Editor in 11.27 ms, found 12 plugins.
Native extension for LinuxStandalone target not found
Native extension for Android target not found
Native extension for UWP target not found
Native extension for WindowsStandalone target not found
Failed to load: C:/Program Files/Unity/Hub/Editor/6000.2.14f1/Editor/Data/PlaybackEngines/VisionOSPlayer\x64\UnityEditor.VisionOS.Native.dll
Native extension for VisionOS target not found
Native extension for WebGL target not found
Refreshing native plugins compatible for Editor in 10.57 ms, found 12 plugins.
[Package Manager] Failed to launch server process. Reason: Unity was launched with the -noUpm command-line argument
[Package Manager] Unable to send message (not connected to server process).
[Package Manager] Cannot connect to Unity Package Manager local server
[Package Manager] Failed to launch server process. Reason: Unity was launched with the -noUpm command-line argument
[Package Manager] Unable to send message (not connected to server process).
[Package Manager] Cannot connect to Unity Package Manager local server
System.Reflection.TargetInvocationException: Exception has been thrown by the target of an invocation. ---> System.NullReferenceException: Object reference not set to an instance of an object
  at Unity.XR.Oculus.OculusLoader.AssetPathToAbsolutePath (System.String assetPath) [0x00041] in .\Library\PackageCache\com.unity.xr.oculus@44578ba4bd45\Runtime\OculusLoader.cs:312 
  at Unity.XR.Oculus.OculusLoader.EditorLoadOVRPlugin () [0x000dd] in .\Library\PackageCache\com.unity.xr.oculus@44578ba4bd45\Runtime\OculusLoader.cs:297 
  at (wrapper managed-to-native) System.Reflection.RuntimeMethodInfo.InternalInvoke(System.Reflection.RuntimeMethodInfo,object,object[],System.Exception&)
  at System.Reflection.RuntimeMethodInfo.Invoke (System.Object obj, System.Reflection.BindingFlags invokeAttr, System.Reflection.Binder binder, System.Object[] parameters, System.Globalization.CultureInfo culture) [0x0006a] in <3272951baa974b2ab5e8de68d60bfc1e>:0 
   --- End of inner exception stack trace ---
  at System.Reflection.RuntimeMethodInfo.Invoke (System.Object obj, System.Reflection.BindingFlags invokeAttr, System.Reflection.Binder binder, System.Object[] parameters, System.Globalization.CultureInfo culture) [0x00083] in <3272951baa974b2ab5e8de68d60bfc1e>:0 
  at System.Reflection.MethodBase.Invoke (System.Object obj, System.Object[] parameters) [0x00000] in <3272951baa974b2ab5e8de68d60bfc1e>:0 
  at UnityEditor.EditorAssemblies.ProcessInitializeOnLoadMethodAttributes () [0x00087] in <a895e2991ebf4b30a4a49ce8fe561053>:0 
UnityEngine.Debug:ExtractStackTraceNoAlloc (byte*,int,string)
UnityEngine.StackTraceUtility:ExtractStackTrace ()
UnityEngine.DebugLogHandler:Internal_Log (UnityEngine.LogType,UnityEngine.LogOption,string,UnityEngine.Object)
UnityEngine.DebugLogHandler:LogFormat (UnityEngine.LogType,UnityEngine.Object,string,object[])
UnityEngine.Logger:Log (UnityEngine.LogType,object)
UnityEngine.Debug:LogError (object)
UnityEditor.EditorAssemblies:ProcessInitializeOnLoadMethodAttributes ()

The project currently uses the compatibility mode where the Render Graph API is disabled. Support for this mode will be removed in future Unity versions. Migrate existing ScriptableRenderPasses to the new RenderGraph API. After the migration, disable the compatibility mode in Edit > Projects Settings > Graphics > Render Graph.
UnityEngine.Debug:ExtractStackTraceNoAlloc (byte*,int,string)
UnityEngine.StackTraceUtility:ExtractStackTrace ()
UnityEngine.DebugLogHandler:Internal_Log (UnityEngine.LogType,UnityEngine.LogOption,string,UnityEngine.Object)
UnityEngine.DebugLogHandler:LogFormat (UnityEngine.LogType,UnityEngine.Object,string,object[])
UnityEngine.Logger:Log (UnityEngine.LogType,object)
UnityEngine.Debug:LogWarning (object)
UnityEngine.Rendering.Universal.WarnUsingNonRenderGraph:EmitConsoleWarning () (at ./Library/PackageCache/com.unity.render-pipelines.universal@8a8bcae6893e/Runtime/Data/UniversalRenderPipelineAsset.cs:432)
System.Reflection.RuntimeMethodInfo:Invoke (object,System.Reflection.BindingFlags,System.Reflection.Binder,object[],System.Globalization.CultureInfo)
System.Reflection.MethodBase:Invoke (object,object[])
UnityEditor.EditorAssemblies:ProcessInitializeOnLoadMethodAttributes ()

(Filename: ./Library/PackageCache/com.unity.render-pipelines.universal@8a8bcae6893e/Runtime/Data/UniversalRenderPipelineAsset.cs Line: 432)

Mono: successfully reloaded assembly
[Package Manager] Failed to launch server process. Reason: Unity was launched with the -noUpm command-line argument
[Package Manager] Unable to send message (not connected to server process).
[Package Manager] Cannot connect to Unity Package Manager local server
- Finished resetting the current domain, in  1.931 seconds
Domain Reload Profiling: 3470ms
	BeginReloadAssembly (351ms)
		ExecutionOrderSort (0ms)
		DisableScriptedObjects (18ms)
		BackupInstance (0ms)
		ReleaseScriptingObjects (0ms)
		CreateAndSetChildDomain (91ms)
	RebuildCommonClasses (60ms)
	RebuildNativeTypeToScriptingClass (25ms)
	initialDomainReloadingComplete (44ms)
	LoadAllAssembliesAndSetupDomain (1057ms)
		LoadAssemblies (748ms)
		RebuildTransferFunctionScriptingTraits (0ms)
		AnalyzeDomain (452ms)
			TypeCache.Refresh (13ms)
				TypeCache.ScanAssembly (0ms)
			BuildScriptInfoCaches (392ms)
			ResolveRequiredComponents (39ms)
	FinalizeReload (1932ms)
		ReleaseScriptCaches (0ms)
		RebuildScriptCaches (0ms)
		SetupLoadedEditorAssemblies (1652ms)
			LogAssemblyErrors (0ms)
			InitializePlatformSupportModulesInManaged (33ms)
			SetLoadedEditorAssemblies (14ms)
			BeforeProcessingInitializeOnLoad (438ms)
			ProcessInitializeOnLoadAttributes (942ms)
			ProcessInitializeOnLoadMethodAttributes (217ms)
			AfterProcessingInitializeOnLoad (7ms)
			EditorAssembliesLoaded (1ms)
		ExecutionOrderSort2 (0ms)
		AwakeInstancesAfterBackupRestoration (24ms)
Shader 'Meta/MRUK/Scene/HighlightsAndShadows': fallback shader 'Off' not found
Shader 'Oculus/OVRMRCameraFrameLit': fallback shader 'Alpha-Diffuse' not found
Refreshing native plugins compatible for Editor in 10.98 ms, found 12 plugins.
Preloading 3 native plugins for Editor in 0.29 ms.
Unloading 16 Unused Serialized files (Serialized files now loaded: 0)
Unloading 9019 unused Assets / (5.4 MB). Loaded Objects now: 9846.
Memory consumption went from 181.6 MB to 176.1 MB.
Total: 17.211300 ms (FindLiveObjects: 1.220400 ms CreateObjectMapping: 1.953000 ms MarkObjects: 10.173900 ms  DeleteObjects: 3.862600 ms)

Prepare: number of updated asset objects reloaded= 0
