[Licensing::Module] Trying to connect to existing licensing client channel...
Built from '6000.2/staging' branch; Version is '6000.2.14f1 (589824c1fc31) revision 5806116'; Using compiler version '194234433'; Build Type 'Release'
[Licensing::IpcConnector] Successfully connected to: "LicenseClient-joahi" at "2025-12-15T15:46:01.6031272Z"
OS: 'Windows 11  (10.0.26100) 64bit CoreSingleLanguage' Language: 'pt' Physical Memory: 16221 MB
BatchMode: 1, IsHumanControllingUs: 0, StartBugReporterOnCrash: 0, Is64bit: 1
Date: 2025-12-15T15:46:01Z

COMMAND LINE ARGUMENTS:
C:\Program Files\Unity\Hub\Editor\6000.2.14f1\Editor\Unity.exe
-adb2
-batchMode
-noUpm
-name
AssetImportWorker0
-projectPath
C:/Users/joahi/Documents/Projetos/VR_LAICP/AR_Zillia
-logFile
Logs/AssetImportWorker0.log
-srvPort
64059
-licensingIpc
LicenseClient-joahi
-job-worker-count
5
-background-job-worker-count
8
-gc-helper-count
1
-name
AssetImport
Successfully changed project path to: C:/Users/joahi/Documents/Projetos/VR_LAICP/AR_Zillia
C:/Users/joahi/Documents/Projetos/VR_LAICP/AR_Zillia
[UnityMemory] Configuration Parameters - Can be set up in boot.config
    "memorysetup-allocator-temp-initial-block-size-main=262144"
    "memorysetup-allocator-temp-initial-block-size-worker=262144"
    "memorysetup-bucket-allocator-granularity=16"
    "memorysetup-bucket-allocator-bucket-count=8"
    "memorysetup-bucket-allocator-block-size=33554432"
    "memorysetup-bucket-allocator-block-count=8"
    "memorysetup-main-allocator-block-size=16777216"
    "memorysetup-thread-allocator-block-size=16777216"
    "memorysetup-gfx-main-allocator-block-size=16777216"
    "memorysetup-gfx-thread-allocator-block-size=16777216"
    "memorysetup-cache-allocator-block-size=4194304"
    "memorysetup-typetree-allocator-block-size=2097152"
    "memorysetup-profiler-bucket-allocator-granularity=16"
    "memorysetup-profiler-bucket-allocator-bucket-count=8"
    "memorysetup-profiler-bucket-allocator-block-size=33554432"
    "memorysetup-profiler-bucket-allocator-block-count=8"
    "memorysetup-profiler-allocator-block-size=16777216"
    "memorysetup-profiler-editor-allocator-block-size=1048576"
    "memorysetup-temp-allocator-size-main=16777216"
    "memorysetup-job-temp-allocator-block-size=2097152"
    "memorysetup-job-temp-allocator-block-size-background=1048576"
    "memorysetup-job-temp-allocator-reduction-small-platforms=262144"
    "memorysetup-temp-allocator-size-background-worker=32768"
    "memorysetup-temp-allocator-size-job-worker=262144"
    "memorysetup-temp-allocator-size-preload-manager=33554432"
    "memorysetup-temp-allocator-size-nav-mesh-worker=65536"
    "memorysetup-temp-allocator-size-audio-worker=65536"
    "memorysetup-temp-allocator-size-cloud-worker=32768"
    "memorysetup-temp-allocator-size-gi-baking-worker=262144"
    "memorysetup-temp-allocator-size-gi-baking-worker=262144"
    "memorysetup-temp-allocator-size-gi-baking-worker=262144"
    "memorysetup-temp-allocator-size-gi-baking-worker=262144"
    "memorysetup-temp-allocator-size-gi-baking-worker=262144"
    "memorysetup-temp-allocator-size-gfx=262144"
Player connection [32248]  Target information:

Player connection [32248]  * "[IP] 192.168.1.14 [Port] 0 [Flags] 2 [Guid] 3622615108 [EditorId] 3622615108 [Version] 1048832 [Id] WindowsEditor(7,João_Marcos) [Debug] 1 [PackageName] WindowsEditor [ProjectName] Editor" 

Player connection [32248] Host joined multi-casting on [225.0.0.222:54997]...
Player connection [32248] Host joined alternative multi-casting on [225.0.0.222:34997]...
JobSystem: Creating JobQueue using job-worker-count value 5
Input System module state changed to: Initialized.
[Physics::Module] Initialized fallback backend.
[Physics::Module] Id: 0xdecafbad
Library Redirect Path: Library/
[Physics::Module] Selected backend.
[Physics::Module] Name: PhysX
[Physics::Module] Id: 0xf2b8ea05
[Physics::Module] SDK Version: 4.1.2
[Physics::Module] Integration Version: 1.0.0
[Physics::Module] Threading Mode: Multi-Threaded
[Licensing::Module] Licensing is not yet initialized.
[Licensing::Client] Handshaking with LicensingClient:
  Version:                 1.17.4+4293ba1
  Session Id:              13b7d2a19f924e6cb40df1ea0c0e22bb
  Correlation Id:          50a17dbc70eef3e52212a5869012cfa6
  External correlation Id: 6904868334310230430
  Machine Id:              HQNx0Lk5Nxu9aURm1fucyn1jYfo=
[Licensing::Module] Successfully connected to LicensingClient on channel: "LicenseClient-joahi" (connect: 0.00s, validation: 0.00s, handshake: 1.76s)
[Licensing::IpcConnector] Successfully connected to: "LicenseClient-joahi-notifications" at "2025-12-15T15:46:03.3607857Z"
[Licensing::Module] Licensing Background thread has ended after 1.76s
[Licensing::Module] Licensing is initialized (took 1.46s).
[Licensing::Client] Successfully resolved entitlement details
[Licensing::Module] License group:
  Id: 4674069489284-UnityPersXXXX
  Product: Unity Personal
  Type: Assigned
  Expiration: Unlimited
Refreshing native plugins compatible for Editor in 44.18 ms, found 12 plugins.
Unity memory allocator detected: MetaXRAudio native memory allocations will be tracked.
Preloading 3 native plugins for Editor in 4.15 ms.
Initialize engine version: 6000.2.14f1 (589824c1fc31)
[Subsystems] Discovering subsystems at path C:/Program Files/Unity/Hub/Editor/6000.2.14f1/Editor/Data/Resources/UnitySubsystems
[Subsystems] Discovering subsystems at path C:/Users/joahi/Documents/Projetos/VR_LAICP/AR_Zillia/Assets
GfxDevice: creating device client; kGfxThreadingModeNonThreaded
Direct3D:
    Version:  Direct3D 11.0 [level 11.1]
    Renderer: NVIDIA GeForce GTX 1650 Ti (ID=0x1f95)
    Vendor:   NVIDIA
    VRAM:     3935 MB
    Driver:   32.0.15.8097
Shader 'Meta/MRUK/Scene/HighlightsAndShadows': fallback shader 'Off' not found
Shader 'Oculus/OVRMRCameraFrameLit': fallback shader 'Alpha-Diffuse' not found
Initialize mono
Mono path[0] = 'C:/Program Files/Unity/Hub/Editor/6000.2.14f1/Editor/Data/Managed'
Mono path[1] = 'C:/Program Files/Unity/Hub/Editor/6000.2.14f1/Editor/Data/MonoBleedingEdge/lib/mono/unityjit-win32'
Mono config path = 'C:/Program Files/Unity/Hub/Editor/6000.2.14f1/Editor/Data/MonoBleedingEdge/etc'
Using monoOptions --debugger-agent=transport=dt_socket,embedding=1,server=y,suspend=n,address=127.0.0.1:56508
Begin MonoManager ReloadAssembly
Registering precompiled unity dll's ...
Register platform support module: C:/Program Files/Unity/Hub/Editor/6000.2.14f1/Editor/Data/PlaybackEngines/WebGLSupport/UnityEditor.WebGL.Extensions.dll
[Licensing::Client] Successfully resolved entitlement details
Register platform support module: C:/Program Files/Unity/Hub/Editor/6000.2.14f1/Editor/Data/PlaybackEngines/VisionOSPlayer/UnityEditor.VisionOS.Extensions.dll
Register platform support module: C:/Program Files/Unity/Hub/Editor/6000.2.14f1/Editor/Data/PlaybackEngines/WindowsStandaloneSupport/UnityEditor.WindowsStandalone.Extensions.dll
[Licensing::Client] Successfully resolved entitlement details
Register platform support module: C:/Program Files/Unity/Hub/Editor/6000.2.14f1/Editor/Data/PlaybackEngines/MetroSupport/UnityEditor.UWP.Extensions.dll
Register platform support module: C:/Program Files/Unity/Hub/Editor/6000.2.14f1/Editor/Data/PlaybackEngines/AndroidPlayer/UnityEditor.Android.Extensions.dll
Register platform support module: C:/Program Files/Unity/Hub/Editor/6000.2.14f1/Editor/Data/PlaybackEngines/LinuxStandaloneSupport/UnityEditor.LinuxStandalone.Extensions.dll
Registered in 0.011645 seconds.
- Loaded All Assemblies, in  0.764 seconds
Native extension for LinuxStandalone target not found
Native extension for Android target not found
Android Extension - Scanning For ADB Devices 204 ms
Native extension for UWP target not found
Native extension for WindowsStandalone target not found
Failed to load: C:/Program Files/Unity/Hub/Editor/6000.2.14f1/Editor/Data/PlaybackEngines/VisionOSPlayer\x64\UnityEditor.VisionOS.Native.dll
Native extension for VisionOS target not found
Native extension for WebGL target not found
Mono: successfully reloaded assembly
- Finished resetting the current domain, in  0.929 seconds
Domain Reload Profiling: 1688ms
	BeginReloadAssembly (217ms)
		ExecutionOrderSort (0ms)
		DisableScriptedObjects (0ms)
		BackupInstance (0ms)
		ReleaseScriptingObjects (0ms)
		CreateAndSetChildDomain (2ms)
	RebuildCommonClasses (65ms)
	RebuildNativeTypeToScriptingClass (23ms)
	initialDomainReloadingComplete (98ms)
	LoadAllAssembliesAndSetupDomain (355ms)
		LoadAssemblies (213ms)
		RebuildTransferFunctionScriptingTraits (0ms)
		AnalyzeDomain (348ms)
			TypeCache.Refresh (345ms)
				TypeCache.ScanAssembly (314ms)
			BuildScriptInfoCaches (0ms)
			ResolveRequiredComponents (1ms)
	FinalizeReload (930ms)
		ReleaseScriptCaches (0ms)
		RebuildScriptCaches (0ms)
		SetupLoadedEditorAssemblies (834ms)
			LogAssemblyErrors (0ms)
			InitializePlatformSupportModulesInManaged (438ms)
			SetLoadedEditorAssemblies (7ms)
			BeforeProcessingInitializeOnLoad (116ms)
			ProcessInitializeOnLoadAttributes (186ms)
			ProcessInitializeOnLoadMethodAttributes (87ms)
			AfterProcessingInitializeOnLoad (0ms)
			EditorAssembliesLoaded (0ms)
		ExecutionOrderSort2 (0ms)
		AwakeInstancesAfterBackupRestoration (0ms)
========================================================================
Worker process is ready to serve import requests
Import Worker Mode flag is 0x00
Begin MonoManager ReloadAssembly
[Licensing::Client] Successfully resolved entitlement details
Symbol file LoadedFromMemory is not a mono symbol file
- Loaded All Assemblies, in  1.790 seconds
Script 'CharacterController' has the same name as built-in Unity component.
AddComponent and GetComponent will not work with this script.
'Packages/com.meta.xr.sdk.core/Editor/BuildingBlocks/BlocksWindow.cs' contains partial class of Unity.Object, exactly 1 of the partial classes needs to be in a file with the same filename. This is to know the one that can be referenced from ie. GameObjects
'Packages/com.meta.xr.sdk.core/Editor/BuildingBlocks/BlocksWindowDetailsExtension.cs' contains partial class of Unity.Object, exactly 1 of the partial classes needs to be in a file with the same filename. This is to know the one that can be referenced from ie. GameObjects
'Packages/com.meta.xr.sdk.core/Editor/BuildingBlocks/BlocksWindowCollectionsPageExtension.cs' contains partial class of Unity.Object, exactly 1 of the partial classes needs to be in a file with the same filename. This is to know the one that can be referenced from ie. GameObjects
Refreshing native plugins compatible for Editor in 11.37 ms, found 12 plugins.
Native extension for LinuxStandalone target not found
Native extension for Android target not found
Native extension for UWP target not found
Native extension for WindowsStandalone target not found
Failed to load: C:/Program Files/Unity/Hub/Editor/6000.2.14f1/Editor/Data/PlaybackEngines/VisionOSPlayer\x64\UnityEditor.VisionOS.Native.dll
Native extension for VisionOS target not found
Native extension for WebGL target not found
Refreshing native plugins compatible for Editor in 15.25 ms, found 12 plugins.
Package Manager log level set to [2]
[Package Manager] Failed to launch server process. Reason: Unity was launched with the -noUpm command-line argument
[Package Manager] Unable to send message (not connected to server process).
[Package Manager] Cannot connect to Unity Package Manager local server
[Package Manager] Failed to launch server process. Reason: Unity was launched with the -noUpm command-line argument
[Package Manager] Unable to send message (not connected to server process).
[Package Manager] Cannot connect to Unity Package Manager local server
System.Reflection.TargetInvocationException: Exception has been thrown by the target of an invocation. ---> System.NullReferenceException: Object reference not set to an instance of an object
  at Unity.XR.Oculus.OculusLoader.AssetPathToAbsolutePath (System.String assetPath) [0x00041] in .\Library\PackageCache\com.unity.xr.oculus@44578ba4bd45\Runtime\OculusLoader.cs:312 
  at Unity.XR.Oculus.OculusLoader.EditorLoadOVRPlugin () [0x000dd] in .\Library\PackageCache\com.unity.xr.oculus@44578ba4bd45\Runtime\OculusLoader.cs:297 
  at (wrapper managed-to-native) System.Reflection.RuntimeMethodInfo.InternalInvoke(System.Reflection.RuntimeMethodInfo,object,object[],System.Exception&)
  at System.Reflection.RuntimeMethodInfo.Invoke (System.Object obj, System.Reflection.BindingFlags invokeAttr, System.Reflection.Binder binder, System.Object[] parameters, System.Globalization.CultureInfo culture) [0x0006a] in <3272951baa974b2ab5e8de68d60bfc1e>:0 
   --- End of inner exception stack trace ---
  at System.Reflection.RuntimeMethodInfo.Invoke (System.Object obj, System.Reflection.BindingFlags invokeAttr, System.Reflection.Binder binder, System.Object[] parameters, System.Globalization.CultureInfo culture) [0x00083] in <3272951baa974b2ab5e8de68d60bfc1e>:0 
  at System.Reflection.MethodBase.Invoke (System.Object obj, System.Object[] parameters) [0x00000] in <3272951baa974b2ab5e8de68d60bfc1e>:0 
  at UnityEditor.EditorAssemblies.ProcessInitializeOnLoadMethodAttributes () [0x00087] in <a895e2991ebf4b30a4a49ce8fe561053>:0 
UnityEngine.Debug:ExtractStackTraceNoAlloc (byte*,int,string)
UnityEngine.StackTraceUtility:ExtractStackTrace ()
UnityEngine.DebugLogHandler:Internal_Log (UnityEngine.LogType,UnityEngine.LogOption,string,UnityEngine.Object)
UnityEngine.DebugLogHandler:LogFormat (UnityEngine.LogType,UnityEngine.Object,string,object[])
UnityEngine.Logger:Log (UnityEngine.LogType,object)
UnityEngine.Debug:LogError (object)
UnityEditor.EditorAssemblies:ProcessInitializeOnLoadMethodAttributes ()

The project currently uses the compatibility mode where the Render Graph API is disabled. Support for this mode will be removed in future Unity versions. Migrate existing ScriptableRenderPasses to the new RenderGraph API. After the migration, disable the compatibility mode in Edit > Projects Settings > Graphics > Render Graph.
UnityEngine.Debug:ExtractStackTraceNoAlloc (byte*,int,string)
UnityEngine.StackTraceUtility:ExtractStackTrace ()
UnityEngine.DebugLogHandler:Internal_Log (UnityEngine.LogType,UnityEngine.LogOption,string,UnityEngine.Object)
UnityEngine.DebugLogHandler:LogFormat (UnityEngine.LogType,UnityEngine.Object,string,object[])
UnityEngine.Logger:Log (UnityEngine.LogType,object)
UnityEngine.Debug:LogWarning (object)
UnityEngine.Rendering.Universal.WarnUsingNonRenderGraph:EmitConsoleWarning () (at ./Library/PackageCache/com.unity.render-pipelines.universal@8a8bcae6893e/Runtime/Data/UniversalRenderPipelineAsset.cs:432)
System.Reflection.RuntimeMethodInfo:Invoke (object,System.Reflection.BindingFlags,System.Reflection.Binder,object[],System.Globalization.CultureInfo)
System.Reflection.MethodBase:Invoke (object,object[])
UnityEditor.EditorAssemblies:ProcessInitializeOnLoadMethodAttributes ()

(Filename: ./Library/PackageCache/com.unity.render-pipelines.universal@8a8bcae6893e/Runtime/Data/UniversalRenderPipelineAsset.cs Line: 432)

Mono: successfully reloaded assembly
[Package Manager] Failed to launch server process. Reason: Unity was launched with the -noUpm command-line argument
[Package Manager] Unable to send message (not connected to server process).
[Package Manager] Cannot connect to Unity Package Manager local server
[Package Manager] Failed to launch server process. Reason: Unity was launched with the -noUpm command-line argument
[Package Manager] Unable to send message (not connected to server process).
[Package Manager] Cannot connect to Unity Package Manager local server
- Finished resetting the current domain, in  2.347 seconds
Domain Reload Profiling: 4125ms
	BeginReloadAssembly (298ms)
		ExecutionOrderSort (0ms)
		DisableScriptedObjects (11ms)
		BackupInstance (0ms)
		ReleaseScriptingObjects (0ms)
		CreateAndSetChildDomain (45ms)
	RebuildCommonClasses (64ms)
	RebuildNativeTypeToScriptingClass (22ms)
	initialDomainReloadingComplete (65ms)
	LoadAllAssembliesAndSetupDomain (1328ms)
		LoadAssemblies (821ms)
		RebuildTransferFunctionScriptingTraits (0ms)
		AnalyzeDomain (679ms)
			TypeCache.Refresh (463ms)
				TypeCache.ScanAssembly (419ms)
			BuildScriptInfoCaches (163ms)
			ResolveRequiredComponents (45ms)
	FinalizeReload (2348ms)
		ReleaseScriptCaches (0ms)
		RebuildScriptCaches (0ms)
		SetupLoadedEditorAssemblies (1957ms)
			LogAssemblyErrors (0ms)
			InitializePlatformSupportModulesInManaged (41ms)
			SetLoadedEditorAssemblies (12ms)
			BeforeProcessingInitializeOnLoad (501ms)
			ProcessInitializeOnLoadAttributes (1142ms)
			ProcessInitializeOnLoadMethodAttributes (252ms)
			AfterProcessingInitializeOnLoad (7ms)
			EditorAssembliesLoaded (1ms)
		ExecutionOrderSort2 (0ms)
		AwakeInstancesAfterBackupRestoration (9ms)
Shader 'Oculus/OVRMRCameraFrameLit': fallback shader 'Alpha-Diffuse' not found
Shader 'Meta/MRUK/Scene/HighlightsAndShadows': fallback shader 'Off' not found
Launched and connected shader compiler UnityShaderCompiler.exe after 0.02 seconds
Refreshing native plugins compatible for Editor in 11.76 ms, found 12 plugins.
Preloading 3 native plugins for Editor in 0.33 ms.
Unloading 16 Unused Serialized files (Serialized files now loaded: 0)
Unloading 9018 unused Assets / (5.2 MB). Loaded Objects now: 9805.
Memory consumption went from 174.0 MB to 168.8 MB.
Total: 22.505100 ms (FindLiveObjects: 2.021000 ms CreateObjectMapping: 2.276500 ms MarkObjects: 13.686700 ms  DeleteObjects: 4.518600 ms)

========================================================================
Received Import Request.
  Time since last request: 386675.968377 seconds.
  path: Assets/Prefabs/Celula_pecas.prefab
  artifactKey: Guid(45bf2f264bc4ce245ae333351682bd79) Importer(815301076,1909f56bfc062723c751e8b465ee728b)
Start importing Assets/Prefabs/Celula_pecas.prefab using Guid(45bf2f264bc4ce245ae333351682bd79) Importer(815301076,1909f56bfc062723c751e8b465ee728b) (PreviewImporter) -> (artifact id: 'c96e03fbb7e40507c07993a8cf2260fb') in 0.1868497 seconds
Number of updated asset objects reloaded before import = 0Number of asset objects unloaded after import = 105

========================================================================
Received Import Request.
  Time since last request: 0.000030 seconds.
  path: Assets/Prefabs/Chat_Row_User.prefab
  artifactKey: Guid(3268890db932d2d459ffd9426d7115e9) Importer(815301076,1909f56bfc062723c751e8b465ee728b)
Start importing Assets/Prefabs/Chat_Row_User.prefab using Guid(3268890db932d2d459ffd9426d7115e9) Importer(815301076,1909f56bfc062723c751e8b465ee728b) (PreviewImporter) -> (artifact id: 'daab50e5b8281ff67679564e3da40739') in 0.0321508 seconds
Number of updated asset objects reloaded before import = 0Number of asset objects unloaded after import = 27

========================================================================
Received Import Request.
  Time since last request: 0.000042 seconds.
  path: Assets/Prefabs/Menu_Dictation.prefab
  artifactKey: Guid(2b678442df6f8364a9c437b0b1b0fce4) Importer(815301076,1909f56bfc062723c751e8b465ee728b)
Start importing Assets/Prefabs/Menu_Dictation.prefab using Guid(2b678442df6f8364a9c437b0b1b0fce4) Importer(815301076,1909f56bfc062723c751e8b465ee728b) (PreviewImporter) -> (artifact id: 'fac9a27cbd922706e28254dc7aefc07b') in 0.0467997 seconds
Number of updated asset objects reloaded before import = 0Number of asset objects unloaded after import = 127

========================================================================
Received Import Request.
  Time since last request: 4.580866 seconds.
  path: Assets/Prefabs/Menu_Dictation.prefab
  artifactKey: Guid(2b678442df6f8364a9c437b0b1b0fce4) Importer(815301076,1909f56bfc062723c751e8b465ee728b)
Start importing Assets/Prefabs/Menu_Dictation.prefab using Guid(2b678442df6f8364a9c437b0b1b0fce4) Importer(815301076,1909f56bfc062723c751e8b465ee728b) (PreviewImporter) -> (artifact id: 'af3491f36493b9b8b42d92fc4d754ccd') in 0.0252937 seconds
Number of updated asset objects reloaded before import = 0Number of asset objects unloaded after import = 127

========================================================================
Received Import Request.
  Time since last request: 1.151900 seconds.
  path: Assets/Prefabs/Menu_Dictation.prefab
  artifactKey: Guid(2b678442df6f8364a9c437b0b1b0fce4) Importer(815301076,1909f56bfc062723c751e8b465ee728b)
Start importing Assets/Prefabs/Menu_Dictation.prefab using Guid(2b678442df6f8364a9c437b0b1b0fce4) Importer(815301076,1909f56bfc062723c751e8b465ee728b) (PreviewImporter) -> (artifact id: 'a5321af2e9f7892573db92931e2af19f') in 0.0320468 seconds
Number of updated asset objects reloaded before import = 0Number of asset objects unloaded after import = 127

========================================================================
Received Import Request.
  Time since last request: 64.964509 seconds.
  path: Assets/Prefabs/Menu_Dictation.prefab
  artifactKey: Guid(2b678442df6f8364a9c437b0b1b0fce4) Importer(815301076,1909f56bfc062723c751e8b465ee728b)
Start importing Assets/Prefabs/Menu_Dictation.prefab using Guid(2b678442df6f8364a9c437b0b1b0fce4) Importer(815301076,1909f56bfc062723c751e8b465ee728b) (PreviewImporter) -> (artifact id: 'abe1c8acf2c23b707d936b997a83da68') in 0.0250616 seconds
Number of updated asset objects reloaded before import = 0Number of asset objects unloaded after import = 127

========================================================================
Received Import Request.
  Time since last request: 2.233021 seconds.
  path: Assets/Prefabs/Menu_Dictation.prefab
  artifactKey: Guid(2b678442df6f8364a9c437b0b1b0fce4) Importer(815301076,1909f56bfc062723c751e8b465ee728b)
Start importing Assets/Prefabs/Menu_Dictation.prefab using Guid(2b678442df6f8364a9c437b0b1b0fce4) Importer(815301076,1909f56bfc062723c751e8b465ee728b) (PreviewImporter) -> (artifact id: '51861e61fcf44c921fa7e400ea1bafb3') in 0.0271927 seconds
Number of updated asset objects reloaded before import = 0Number of asset objects unloaded after import = 127

========================================================================
Received Import Request.
  Time since last request: 1.107229 seconds.
  path: Assets/Prefabs/Menu_Dictation.prefab
  artifactKey: Guid(2b678442df6f8364a9c437b0b1b0fce4) Importer(815301076,1909f56bfc062723c751e8b465ee728b)
Start importing Assets/Prefabs/Menu_Dictation.prefab using Guid(2b678442df6f8364a9c437b0b1b0fce4) Importer(815301076,1909f56bfc062723c751e8b465ee728b) (PreviewImporter) -> (artifact id: 'b2bcd3e815cb3694cef514817992b173') in 0.0271056 seconds
Number of updated asset objects reloaded before import = 0Number of asset objects unloaded after import = 127

========================================================================
Received Import Request.
  Time since last request: 12.433406 seconds.
  path: Assets/Prefabs/Menu_Dictation.prefab
  artifactKey: Guid(2b678442df6f8364a9c437b0b1b0fce4) Importer(815301076,1909f56bfc062723c751e8b465ee728b)
Start importing Assets/Prefabs/Menu_Dictation.prefab using Guid(2b678442df6f8364a9c437b0b1b0fce4) Importer(815301076,1909f56bfc062723c751e8b465ee728b) (PreviewImporter) -> (artifact id: '484d3d7f2475995f452fbc1aefedbcca') in 0.0218388 seconds
Number of updated asset objects reloaded before import = 0Number of asset objects unloaded after import = 127

========================================================================
Received Import Request.
  Time since last request: 31.787503 seconds.
  path: Assets/Prefabs/Menu_Dictation.prefab
  artifactKey: Guid(2b678442df6f8364a9c437b0b1b0fce4) Importer(815301076,1909f56bfc062723c751e8b465ee728b)
Start importing Assets/Prefabs/Menu_Dictation.prefab using Guid(2b678442df6f8364a9c437b0b1b0fce4) Importer(815301076,1909f56bfc062723c751e8b465ee728b) (PreviewImporter) -> (artifact id: '00000000000000000000000000000000') in 0.0263273 seconds
Import Error Code:(4)
Message: Build asset version error: assets/prefabs/menu_dictation.prefab in SourceAssetDB has modification time of '2025-12-15T15:48:47.2270977Z' while content on disk has modification time of '2025-12-15T15:48:47.4703392Z'
  ERROR: Build asset version error: assets/prefabs/menu_dictation.prefab in SourceAssetDB has modification time of '2025-12-15T15:48:47.2270977Z' while content on disk has modification time of '2025-12-15T15:48:47.4703392Z'
Number of updated asset objects reloaded before import = 0Number of asset objects unloaded after import = 48

========================================================================
Received Import Request.
  Time since last request: 0.117117 seconds.
  path: Assets/Prefabs/Menu_Dictation.prefab
  artifactKey: Guid(2b678442df6f8364a9c437b0b1b0fce4) Importer(815301076,1909f56bfc062723c751e8b465ee728b)
Start importing Assets/Prefabs/Menu_Dictation.prefab using Guid(2b678442df6f8364a9c437b0b1b0fce4) Importer(815301076,1909f56bfc062723c751e8b465ee728b) (PreviewImporter) -> (artifact id: 'acad8a211fcec1c213343665a535fc2e') in 0.0238428 seconds
Number of updated asset objects reloaded before import = 0Number of asset objects unloaded after import = 126

========================================================================
Received Import Request.
  Time since last request: 196.178796 seconds.
  path: Assets/Prefabs/Menu_Dictation.prefab
  artifactKey: Guid(2b678442df6f8364a9c437b0b1b0fce4) Importer(815301076,1909f56bfc062723c751e8b465ee728b)
Start importing Assets/Prefabs/Menu_Dictation.prefab using Guid(2b678442df6f8364a9c437b0b1b0fce4) Importer(815301076,1909f56bfc062723c751e8b465ee728b) (PreviewImporter) -> (artifact id: 'df170891247874fde618bffe4e0381ce') in 0.0290294 seconds
Number of updated asset objects reloaded before import = 0Number of asset objects unloaded after import = 127

========================================================================
Received Import Request.
  Time since last request: 37.016696 seconds.
  path: Assets/Prefabs/Menu_Dictation.prefab
  artifactKey: Guid(2b678442df6f8364a9c437b0b1b0fce4) Importer(815301076,1909f56bfc062723c751e8b465ee728b)
Start importing Assets/Prefabs/Menu_Dictation.prefab using Guid(2b678442df6f8364a9c437b0b1b0fce4) Importer(815301076,1909f56bfc062723c751e8b465ee728b) (PreviewImporter) -> (artifact id: '5eaf0efc8d6cc1fcb24f2dad58b5e1f0') in 0.0285317 seconds
Number of updated asset objects reloaded before import = 0Number of asset objects unloaded after import = 127

========================================================================
Received Import Request.
  Time since last request: 44.040169 seconds.
  path: Assets/Prefabs/Menu_Dictation.prefab
  artifactKey: Guid(2b678442df6f8364a9c437b0b1b0fce4) Importer(815301076,1909f56bfc062723c751e8b465ee728b)
Start importing Assets/Prefabs/Menu_Dictation.prefab using Guid(2b678442df6f8364a9c437b0b1b0fce4) Importer(815301076,1909f56bfc062723c751e8b465ee728b) (PreviewImporter) -> (artifact id: 'd012ab29a6267754b76e3d212d1fc5ad') in 0.0248984 seconds
Number of updated asset objects reloaded before import = 0Number of asset objects unloaded after import = 127

========================================================================
Received Import Request.
  Time since last request: 18.940096 seconds.
  path: Assets/Textures/Coment.png
  artifactKey: Guid(c6eb11832f6c7d148acaeb4392265dc7) Importer(815301076,1909f56bfc062723c751e8b465ee728b)
Start importing Assets/Textures/Coment.png using Guid(c6eb11832f6c7d148acaeb4392265dc7) Importer(815301076,1909f56bfc062723c751e8b465ee728b) (PreviewImporter)[Licensing::Client] Successfully resolved entitlement details
[Licensing::Client] Successfully resolved entitlement details
[Licensing::Client] Successfully resolved entitlement details
 -> (artifact id: 'ddb5b75ad7860bf3e8149a457bead8df') in 0.1214185 seconds
Number of updated asset objects reloaded before import = 0Number of asset objects unloaded after import = 3

========================================================================
Received Import Request.
  Time since last request: 0.000036 seconds.
  path: Assets/Textures/Memorias/MOTHERBOARD.png
  artifactKey: Guid(6eba2178b0b981c449e95b95624c9115) Importer(815301076,1909f56bfc062723c751e8b465ee728b)
Start importing Assets/Textures/Memorias/MOTHERBOARD.png using Guid(6eba2178b0b981c449e95b95624c9115) Importer(815301076,1909f56bfc062723c751e8b465ee728b) (PreviewImporter) -> (artifact id: '55ff5f108fa183ee5472ab30a4e14a8f') in 0.0444595 seconds
Number of updated asset objects reloaded before import = 0Number of asset objects unloaded after import = 3

========================================================================
Received Import Request.
  Time since last request: 0.000041 seconds.
  path: Assets/Textures/Memorias/SSD_NVME.png
  artifactKey: Guid(469563d2fa76f654f9e7544332a075ff) Importer(815301076,1909f56bfc062723c751e8b465ee728b)
Start importing Assets/Textures/Memorias/SSD_NVME.png using Guid(469563d2fa76f654f9e7544332a075ff) Importer(815301076,1909f56bfc062723c751e8b465ee728b) (PreviewImporter) -> (artifact id: '2282bcffd12faaab6b951a7e2fe3f6d0') in 0.0376172 seconds
Number of updated asset objects reloaded before import = 0Number of asset objects unloaded after import = 3

========================================================================
Received Import Request.
  Time since last request: 0.000024 seconds.
  path: Assets/Textures/Memorias/RAM_DIM.png
  artifactKey: Guid(1416588777f626941a13d395fb49ca1e) Importer(815301076,1909f56bfc062723c751e8b465ee728b)
Start importing Assets/Textures/Memorias/RAM_DIM.png using Guid(1416588777f626941a13d395fb49ca1e) Importer(815301076,1909f56bfc062723c751e8b465ee728b) (PreviewImporter) -> (artifact id: '156428e486ba926ad062681f650ce0db') in 0.0405617 seconds
Number of updated asset objects reloaded before import = 0Number of asset objects unloaded after import = 3

========================================================================
Received Import Request.
  Time since last request: 0.000024 seconds.
  path: Assets/Textures/tick_off.png
  artifactKey: Guid(c55f16383a7b2f0439429ab48aeba9b2) Importer(815301076,1909f56bfc062723c751e8b465ee728b)
Start importing Assets/Textures/tick_off.png using Guid(c55f16383a7b2f0439429ab48aeba9b2) Importer(815301076,1909f56bfc062723c751e8b465ee728b) (PreviewImporter) -> (artifact id: 'a160d882157d392b6cc61210b477e9a4') in 0.0350961 seconds
Number of updated asset objects reloaded before import = 0Number of asset objects unloaded after import = 3

========================================================================
Received Import Request.
  Time since last request: 0.000088 seconds.
  path: Assets/Textures/Memorias/SSD_SATA.png
  artifactKey: Guid(392d155dbb46bc640a2f5018bcac120e) Importer(815301076,1909f56bfc062723c751e8b465ee728b)
Start importing Assets/Textures/Memorias/SSD_SATA.png using Guid(392d155dbb46bc640a2f5018bcac120e) Importer(815301076,1909f56bfc062723c751e8b465ee728b) (PreviewImporter) -> (artifact id: 'cbafe404150a649da4cf30da9ae175db') in 0.0418052 seconds
Number of updated asset objects reloaded before import = 0Number of asset objects unloaded after import = 3

========================================================================
Received Import Request.
  Time since last request: 7.153243 seconds.
  path: Assets/Prefabs/Menu_Dictation.prefab
  artifactKey: Guid(2b678442df6f8364a9c437b0b1b0fce4) Importer(815301076,1909f56bfc062723c751e8b465ee728b)
Start importing Assets/Prefabs/Menu_Dictation.prefab using Guid(2b678442df6f8364a9c437b0b1b0fce4) Importer(815301076,1909f56bfc062723c751e8b465ee728b) (PreviewImporter) -> (artifact id: '2a7398160cc34475af9ff7763cf01cae') in 0.0281659 seconds
Number of updated asset objects reloaded before import = 0Number of asset objects unloaded after import = 127

========================================================================
Received Import Request.
  Time since last request: 0.733324 seconds.
  path: Assets/Prefabs/Menu_Dictation.prefab
  artifactKey: Guid(2b678442df6f8364a9c437b0b1b0fce4) Importer(815301076,1909f56bfc062723c751e8b465ee728b)
Start importing Assets/Prefabs/Menu_Dictation.prefab using Guid(2b678442df6f8364a9c437b0b1b0fce4) Importer(815301076,1909f56bfc062723c751e8b465ee728b) (PreviewImporter) -> (artifact id: 'f3707a20250ae9daecb7396a815cc968') in 0.0278937 seconds
Number of updated asset objects reloaded before import = 0Number of asset objects unloaded after import = 127

========================================================================
Received Import Request.
  Time since last request: 1.851273 seconds.
  path: Assets/Prefabs/Menu_Dictation.prefab
  artifactKey: Guid(2b678442df6f8364a9c437b0b1b0fce4) Importer(815301076,1909f56bfc062723c751e8b465ee728b)
Start importing Assets/Prefabs/Menu_Dictation.prefab using Guid(2b678442df6f8364a9c437b0b1b0fce4) Importer(815301076,1909f56bfc062723c751e8b465ee728b) (PreviewImporter) -> (artifact id: 'f91f065826a4e08a0024fe9192f4b945') in 0.0268397 seconds
Number of updated asset objects reloaded before import = 0Number of asset objects unloaded after import = 127

========================================================================
Received Import Request.
  Time since last request: 5.516584 seconds.
  path: Assets/Prefabs/Menu_Dictation.prefab
  artifactKey: Guid(2b678442df6f8364a9c437b0b1b0fce4) Importer(815301076,1909f56bfc062723c751e8b465ee728b)
Start importing Assets/Prefabs/Menu_Dictation.prefab using Guid(2b678442df6f8364a9c437b0b1b0fce4) Importer(815301076,1909f56bfc062723c751e8b465ee728b) (PreviewImporter) -> (artifact id: 'ab405f6cac6c52e1a80cb441085a8f7e') in 0.0244851 seconds
Number of updated asset objects reloaded before import = 0Number of asset objects unloaded after import = 127

========================================================================
Received Import Request.
  Time since last request: 311.745979 seconds.
  path: Assets/Prefabs/Menu_Dictation.prefab
  artifactKey: Guid(2b678442df6f8364a9c437b0b1b0fce4) Importer(815301076,1909f56bfc062723c751e8b465ee728b)
Start importing Assets/Prefabs/Menu_Dictation.prefab using Guid(2b678442df6f8364a9c437b0b1b0fce4) Importer(815301076,1909f56bfc062723c751e8b465ee728b) (PreviewImporter) -> (artifact id: 'a49acf38694c305bc66e846c6ca677d8') in 0.0287173 seconds
Number of updated asset objects reloaded before import = 0Number of asset objects unloaded after import = 127

========================================================================
Received Import Request.
  Time since last request: 5.560537 seconds.
  path: Assets/Prefabs/Menu_Dictation.prefab
  artifactKey: Guid(2b678442df6f8364a9c437b0b1b0fce4) Importer(815301076,1909f56bfc062723c751e8b465ee728b)
Start importing Assets/Prefabs/Menu_Dictation.prefab using Guid(2b678442df6f8364a9c437b0b1b0fce4) Importer(815301076,1909f56bfc062723c751e8b465ee728b) (PreviewImporter) -> (artifact id: '80b0978bb0274e5f3cb1e7ec9b732b65') in 0.0233529 seconds
Number of updated asset objects reloaded before import = 0Number of asset objects unloaded after import = 127

========================================================================
Received Import Request.
  Time since last request: 2.045270 seconds.
  path: Assets/Prefabs/Menu_Dictation.prefab
  artifactKey: Guid(2b678442df6f8364a9c437b0b1b0fce4) Importer(815301076,1909f56bfc062723c751e8b465ee728b)
Start importing Assets/Prefabs/Menu_Dictation.prefab using Guid(2b678442df6f8364a9c437b0b1b0fce4) Importer(815301076,1909f56bfc062723c751e8b465ee728b) (PreviewImporter) -> (artifact id: '2333fb4327acd2f0b15329c1ecc94265') in 0.0234023 seconds
Number of updated asset objects reloaded before import = 0Number of asset objects unloaded after import = 127

========================================================================
Received Import Request.
  Time since last request: 1.626365 seconds.
  path: Assets/Prefabs/Menu_Dictation.prefab
  artifactKey: Guid(2b678442df6f8364a9c437b0b1b0fce4) Importer(815301076,1909f56bfc062723c751e8b465ee728b)
Start importing Assets/Prefabs/Menu_Dictation.prefab using Guid(2b678442df6f8364a9c437b0b1b0fce4) Importer(815301076,1909f56bfc062723c751e8b465ee728b) (PreviewImporter) -> (artifact id: '47848f241c93581898bccd7296698544') in 0.0261835 seconds
Number of updated asset objects reloaded before import = 0Number of asset objects unloaded after import = 127

========================================================================
Received Import Request.
  Time since last request: 32.031743 seconds.
  path: Assets/Prefabs/Menu_Dictation.prefab
  artifactKey: Guid(2b678442df6f8364a9c437b0b1b0fce4) Importer(815301076,1909f56bfc062723c751e8b465ee728b)
Start importing Assets/Prefabs/Menu_Dictation.prefab using Guid(2b678442df6f8364a9c437b0b1b0fce4) Importer(815301076,1909f56bfc062723c751e8b465ee728b) (PreviewImporter) -> (artifact id: '8a78cf496e3f4efd12ba4d7f6c29818a') in 0.0304841 seconds
Number of updated asset objects reloaded before import = 0Number of asset objects unloaded after import = 127

========================================================================
Received Import Request.
  Time since last request: 15.139373 seconds.
  path: Assets/Prefabs/Menu_Dictation.prefab
  artifactKey: Guid(2b678442df6f8364a9c437b0b1b0fce4) Importer(815301076,1909f56bfc062723c751e8b465ee728b)
Start importing Assets/Prefabs/Menu_Dictation.prefab using Guid(2b678442df6f8364a9c437b0b1b0fce4) Importer(815301076,1909f56bfc062723c751e8b465ee728b) (PreviewImporter) -> (artifact id: 'a43693fa6f94bcc17ba8f30195388cd8') in 0.0254044 seconds
Number of updated asset objects reloaded before import = 0Number of asset objects unloaded after import = 126

========================================================================
Received Import Request.
  Time since last request: 15.870702 seconds.
  path: Assets/Prefabs/Menu_Dictation.prefab
  artifactKey: Guid(2b678442df6f8364a9c437b0b1b0fce4) Importer(815301076,1909f56bfc062723c751e8b465ee728b)
Start importing Assets/Prefabs/Menu_Dictation.prefab using Guid(2b678442df6f8364a9c437b0b1b0fce4) Importer(815301076,1909f56bfc062723c751e8b465ee728b) (PreviewImporter) -> (artifact id: '8f825a0047161d2b6b7777fa06a6796c') in 0.0246089 seconds
Number of updated asset objects reloaded before import = 0Number of asset objects unloaded after import = 126

========================================================================
Received Import Request.
  Time since last request: 5.019732 seconds.
  path: Assets/Prefabs/Menu_Dictation.prefab
  artifactKey: Guid(2b678442df6f8364a9c437b0b1b0fce4) Importer(815301076,1909f56bfc062723c751e8b465ee728b)
Start importing Assets/Prefabs/Menu_Dictation.prefab using Guid(2b678442df6f8364a9c437b0b1b0fce4) Importer(815301076,1909f56bfc062723c751e8b465ee728b) (PreviewImporter) -> (artifact id: 'eac398894bd5472aac9ff9d30327f1ef') in 0.026285 seconds
Number of updated asset objects reloaded before import = 0Number of asset objects unloaded after import = 126

========================================================================
Received Import Request.
  Time since last request: 1.817363 seconds.
  path: Assets/Prefabs/Menu_Dictation.prefab
  artifactKey: Guid(2b678442df6f8364a9c437b0b1b0fce4) Importer(815301076,1909f56bfc062723c751e8b465ee728b)
Start importing Assets/Prefabs/Menu_Dictation.prefab using Guid(2b678442df6f8364a9c437b0b1b0fce4) Importer(815301076,1909f56bfc062723c751e8b465ee728b) (PreviewImporter) -> (artifact id: '472f52f6671201b5eb894ffbafa56864') in 0.0224356 seconds
Number of updated asset objects reloaded before import = 0Number of asset objects unloaded after import = 126

========================================================================
Received Import Request.
  Time since last request: 0.961072 seconds.
  path: Assets/Prefabs/Menu_Dictation.prefab
  artifactKey: Guid(2b678442df6f8364a9c437b0b1b0fce4) Importer(815301076,1909f56bfc062723c751e8b465ee728b)
Start importing Assets/Prefabs/Menu_Dictation.prefab using Guid(2b678442df6f8364a9c437b0b1b0fce4) Importer(815301076,1909f56bfc062723c751e8b465ee728b) (PreviewImporter) -> (artifact id: '5f3dcfb65c8e27c0c9302ed79c4b2f97') in 0.0251405 seconds
Number of updated asset objects reloaded before import = 0Number of asset objects unloaded after import = 126

========================================================================
Received Import Request.
  Time since last request: 1.158321 seconds.
  path: Assets/Prefabs/Menu_Dictation.prefab
  artifactKey: Guid(2b678442df6f8364a9c437b0b1b0fce4) Importer(815301076,1909f56bfc062723c751e8b465ee728b)
Start importing Assets/Prefabs/Menu_Dictation.prefab using Guid(2b678442df6f8364a9c437b0b1b0fce4) Importer(815301076,1909f56bfc062723c751e8b465ee728b) (PreviewImporter) -> (artifact id: '340682405f5a976da5e0e14f5ea80f1c') in 0.0305889 seconds
Number of updated asset objects reloaded before import = 0Number of asset objects unloaded after import = 126

========================================================================
Received Import Request.
  Time since last request: 7.623873 seconds.
  path: Assets/Prefabs/Menu_Dictation.prefab
  artifactKey: Guid(2b678442df6f8364a9c437b0b1b0fce4) Importer(815301076,1909f56bfc062723c751e8b465ee728b)
Start importing Assets/Prefabs/Menu_Dictation.prefab using Guid(2b678442df6f8364a9c437b0b1b0fce4) Importer(815301076,1909f56bfc062723c751e8b465ee728b) (PreviewImporter) -> (artifact id: '263b3d731a402a78819431aa60e25dd5') in 0.0265952 seconds
Number of updated asset objects reloaded before import = 0Number of asset objects unloaded after import = 126

========================================================================
Received Import Request.
  Time since last request: 2.375427 seconds.
  path: Assets/Prefabs/Menu_Dictation.prefab
  artifactKey: Guid(2b678442df6f8364a9c437b0b1b0fce4) Importer(815301076,1909f56bfc062723c751e8b465ee728b)
Start importing Assets/Prefabs/Menu_Dictation.prefab using Guid(2b678442df6f8364a9c437b0b1b0fce4) Importer(815301076,1909f56bfc062723c751e8b465ee728b) (PreviewImporter) -> (artifact id: 'e27c325b199b268d1be3b59f1c97e9b3') in 0.0242659 seconds
Number of updated asset objects reloaded before import = 0Number of asset objects unloaded after import = 126

========================================================================
Received Import Request.
  Time since last request: 5.415905 seconds.
  path: Assets/Prefabs/Menu_Dictation.prefab
  artifactKey: Guid(2b678442df6f8364a9c437b0b1b0fce4) Importer(815301076,1909f56bfc062723c751e8b465ee728b)
Start importing Assets/Prefabs/Menu_Dictation.prefab using Guid(2b678442df6f8364a9c437b0b1b0fce4) Importer(815301076,1909f56bfc062723c751e8b465ee728b) (PreviewImporter) -> (artifact id: '9f1866decb797452ea187a122d5d5a77') in 0.0234233 seconds
Number of updated asset objects reloaded before import = 0Number of asset objects unloaded after import = 126

========================================================================
Received Import Request.
  Time since last request: 14.839571 seconds.
  path: Assets/Prefabs/Menu_Dictation.prefab
  artifactKey: Guid(2b678442df6f8364a9c437b0b1b0fce4) Importer(815301076,1909f56bfc062723c751e8b465ee728b)
Start importing Assets/Prefabs/Menu_Dictation.prefab using Guid(2b678442df6f8364a9c437b0b1b0fce4) Importer(815301076,1909f56bfc062723c751e8b465ee728b) (PreviewImporter) -> (artifact id: '3bd1d98f27a51110ee146906a2ab9a15') in 0.0235535 seconds
Number of updated asset objects reloaded before import = 0Number of asset objects unloaded after import = 126

========================================================================
Received Import Request.
  Time since last request: 3.169998 seconds.
  path: Assets/Prefabs/Menu_Dictation.prefab
  artifactKey: Guid(2b678442df6f8364a9c437b0b1b0fce4) Importer(815301076,1909f56bfc062723c751e8b465ee728b)
Start importing Assets/Prefabs/Menu_Dictation.prefab using Guid(2b678442df6f8364a9c437b0b1b0fce4) Importer(815301076,1909f56bfc062723c751e8b465ee728b) (PreviewImporter) -> (artifact id: 'e76fbc4deea9da2de72f13dbce069a24') in 0.0228934 seconds
Number of updated asset objects reloaded before import = 0Number of asset objects unloaded after import = 126

========================================================================
Received Import Request.
  Time since last request: 6.006080 seconds.
  path: Assets/Prefabs/Menu_Dictation.prefab
  artifactKey: Guid(2b678442df6f8364a9c437b0b1b0fce4) Importer(815301076,1909f56bfc062723c751e8b465ee728b)
Start importing Assets/Prefabs/Menu_Dictation.prefab using Guid(2b678442df6f8364a9c437b0b1b0fce4) Importer(815301076,1909f56bfc062723c751e8b465ee728b) (PreviewImporter) -> (artifact id: '62233c81ff7a234a874a4b61f61ca6ad') in 0.0251519 seconds
Number of updated asset objects reloaded before import = 0Number of asset objects unloaded after import = 126

========================================================================
Received Import Request.
  Time since last request: 4.808206 seconds.
  path: Assets/Prefabs/Menu_Dictation.prefab
  artifactKey: Guid(2b678442df6f8364a9c437b0b1b0fce4) Importer(815301076,1909f56bfc062723c751e8b465ee728b)
Start importing Assets/Prefabs/Menu_Dictation.prefab using Guid(2b678442df6f8364a9c437b0b1b0fce4) Importer(815301076,1909f56bfc062723c751e8b465ee728b) (PreviewImporter) -> (artifact id: 'c8ed2cae64b89dadc748bba360e600cd') in 0.0254407 seconds
Number of updated asset objects reloaded before import = 0Number of asset objects unloaded after import = 125

========================================================================
Received Import Request.
  Time since last request: 2.552006 seconds.
  path: Assets/Prefabs/Menu_Dictation.prefab
  artifactKey: Guid(2b678442df6f8364a9c437b0b1b0fce4) Importer(815301076,1909f56bfc062723c751e8b465ee728b)
Start importing Assets/Prefabs/Menu_Dictation.prefab using Guid(2b678442df6f8364a9c437b0b1b0fce4) Importer(815301076,1909f56bfc062723c751e8b465ee728b) (PreviewImporter) -> (artifact id: '866c07115076da3baa8b3847c0710cd7') in 0.0241258 seconds
Number of updated asset objects reloaded before import = 0Number of asset objects unloaded after import = 125

========================================================================
Received Import Request.
  Time since last request: 1.532840 seconds.
  path: Assets/Prefabs/Menu_Dictation.prefab
  artifactKey: Guid(2b678442df6f8364a9c437b0b1b0fce4) Importer(815301076,1909f56bfc062723c751e8b465ee728b)
Start importing Assets/Prefabs/Menu_Dictation.prefab using Guid(2b678442df6f8364a9c437b0b1b0fce4) Importer(815301076,1909f56bfc062723c751e8b465ee728b) (PreviewImporter) -> (artifact id: '92fbf7313d08d2ea05c6fa4f41cb27d7') in 0.0263161 seconds
Number of updated asset objects reloaded before import = 0Number of asset objects unloaded after import = 125

========================================================================
Received Import Request.
  Time since last request: 3.872413 seconds.
  path: Assets/Prefabs/Menu_Dictation.prefab
  artifactKey: Guid(2b678442df6f8364a9c437b0b1b0fce4) Importer(815301076,1909f56bfc062723c751e8b465ee728b)
Start importing Assets/Prefabs/Menu_Dictation.prefab using Guid(2b678442df6f8364a9c437b0b1b0fce4) Importer(815301076,1909f56bfc062723c751e8b465ee728b) (PreviewImporter) -> (artifact id: '053bc798e0ce76b624a784dbdb9d0f45') in 0.0240792 seconds
Number of updated asset objects reloaded before import = 0Number of asset objects unloaded after import = 125

========================================================================
Received Import Request.
  Time since last request: 0.549045 seconds.
  path: Assets/Prefabs/Menu_Dictation.prefab
  artifactKey: Guid(2b678442df6f8364a9c437b0b1b0fce4) Importer(815301076,1909f56bfc062723c751e8b465ee728b)
Start importing Assets/Prefabs/Menu_Dictation.prefab using Guid(2b678442df6f8364a9c437b0b1b0fce4) Importer(815301076,1909f56bfc062723c751e8b465ee728b) (PreviewImporter) -> (artifact id: '3627d66470ca95edb923b0697b166bc2') in 0.0234683 seconds
Number of updated asset objects reloaded before import = 0Number of asset objects unloaded after import = 125

========================================================================
Received Import Request.
  Time since last request: 0.359633 seconds.
  path: Assets/Prefabs/Menu_Dictation.prefab
  artifactKey: Guid(2b678442df6f8364a9c437b0b1b0fce4) Importer(815301076,1909f56bfc062723c751e8b465ee728b)
Start importing Assets/Prefabs/Menu_Dictation.prefab using Guid(2b678442df6f8364a9c437b0b1b0fce4) Importer(815301076,1909f56bfc062723c751e8b465ee728b) (PreviewImporter) -> (artifact id: '87ab301c93a3428f572bb8db0660cf9d') in 0.0307687 seconds
Number of updated asset objects reloaded before import = 0Number of asset objects unloaded after import = 125

========================================================================
Received Import Request.
  Time since last request: 2.996659 seconds.
  path: Assets/Prefabs/Menu_Dictation.prefab
  artifactKey: Guid(2b678442df6f8364a9c437b0b1b0fce4) Importer(815301076,1909f56bfc062723c751e8b465ee728b)
Start importing Assets/Prefabs/Menu_Dictation.prefab using Guid(2b678442df6f8364a9c437b0b1b0fce4) Importer(815301076,1909f56bfc062723c751e8b465ee728b) (PreviewImporter) -> (artifact id: 'aa63d01d5d9c2d011b77bdb30fb9d662') in 0.0235583 seconds
Number of updated asset objects reloaded before import = 0Number of asset objects unloaded after import = 125

========================================================================
Received Import Request.
  Time since last request: 7.054279 seconds.
  path: Assets/Prefabs/Menu_Dictation.prefab
  artifactKey: Guid(2b678442df6f8364a9c437b0b1b0fce4) Importer(815301076,1909f56bfc062723c751e8b465ee728b)
Start importing Assets/Prefabs/Menu_Dictation.prefab using Guid(2b678442df6f8364a9c437b0b1b0fce4) Importer(815301076,1909f56bfc062723c751e8b465ee728b) (PreviewImporter) -> (artifact id: '0ba5f440d1519a99631d0c1fe500b382') in 0.025802 seconds
Number of updated asset objects reloaded before import = 0Number of asset objects unloaded after import = 125

========================================================================
Received Import Request.
  Time since last request: 1.368318 seconds.
  path: Assets/Prefabs/Menu_Dictation.prefab
  artifactKey: Guid(2b678442df6f8364a9c437b0b1b0fce4) Importer(815301076,1909f56bfc062723c751e8b465ee728b)
Start importing Assets/Prefabs/Menu_Dictation.prefab using Guid(2b678442df6f8364a9c437b0b1b0fce4) Importer(815301076,1909f56bfc062723c751e8b465ee728b) (PreviewImporter) -> (artifact id: '2957ae6ee3fb3889477b089ff895a4de') in 0.0294253 seconds
Number of updated asset objects reloaded before import = 0Number of asset objects unloaded after import = 125

========================================================================
Received Import Request.
  Time since last request: 3.786798 seconds.
  path: Assets/Prefabs/Menu_Dictation.prefab
  artifactKey: Guid(2b678442df6f8364a9c437b0b1b0fce4) Importer(815301076,1909f56bfc062723c751e8b465ee728b)
Start importing Assets/Prefabs/Menu_Dictation.prefab using Guid(2b678442df6f8364a9c437b0b1b0fce4) Importer(815301076,1909f56bfc062723c751e8b465ee728b) (PreviewImporter) -> (artifact id: '1648f6ed3e631eb57cc801cdf230909d') in 0.0274252 seconds
Number of updated asset objects reloaded before import = 0Number of asset objects unloaded after import = 125

========================================================================
Received Import Request.
  Time since last request: 23.277877 seconds.
  path: Assets/Prefabs/Menu_Dictation.prefab
  artifactKey: Guid(2b678442df6f8364a9c437b0b1b0fce4) Importer(815301076,1909f56bfc062723c751e8b465ee728b)
Start importing Assets/Prefabs/Menu_Dictation.prefab using Guid(2b678442df6f8364a9c437b0b1b0fce4) Importer(815301076,1909f56bfc062723c751e8b465ee728b) (PreviewImporter) -> (artifact id: '1446e16a6388192c2173bbafdb0cefb3') in 0.0258169 seconds
Number of updated asset objects reloaded before import = 0Number of asset objects unloaded after import = 125

========================================================================
Received Import Request.
  Time since last request: 3.208549 seconds.
  path: Assets/Prefabs/Menu_Dictation.prefab
  artifactKey: Guid(2b678442df6f8364a9c437b0b1b0fce4) Importer(815301076,1909f56bfc062723c751e8b465ee728b)
Start importing Assets/Prefabs/Menu_Dictation.prefab using Guid(2b678442df6f8364a9c437b0b1b0fce4) Importer(815301076,1909f56bfc062723c751e8b465ee728b) (PreviewImporter) -> (artifact id: '71eed4ef2c7940ddc05bc97ca827696b') in 0.022695 seconds
Number of updated asset objects reloaded before import = 0Number of asset objects unloaded after import = 125

========================================================================
Received Import Request.
  Time since last request: 2.976322 seconds.
  path: Assets/Prefabs/Menu_Dictation.prefab
  artifactKey: Guid(2b678442df6f8364a9c437b0b1b0fce4) Importer(815301076,1909f56bfc062723c751e8b465ee728b)
Start importing Assets/Prefabs/Menu_Dictation.prefab using Guid(2b678442df6f8364a9c437b0b1b0fce4) Importer(815301076,1909f56bfc062723c751e8b465ee728b) (PreviewImporter) -> (artifact id: 'dd155829f097dcde176b04510d404f88') in 0.0231165 seconds
Number of updated asset objects reloaded before import = 0Number of asset objects unloaded after import = 125

========================================================================
Received Import Request.
  Time since last request: 3.206336 seconds.
  path: Assets/Prefabs/Menu_Dictation.prefab
  artifactKey: Guid(2b678442df6f8364a9c437b0b1b0fce4) Importer(815301076,1909f56bfc062723c751e8b465ee728b)
Start importing Assets/Prefabs/Menu_Dictation.prefab using Guid(2b678442df6f8364a9c437b0b1b0fce4) Importer(815301076,1909f56bfc062723c751e8b465ee728b) (PreviewImporter) -> (artifact id: 'e3d07d61c00a29226466eade34dbd521') in 0.0271087 seconds
Number of updated asset objects reloaded before import = 0Number of asset objects unloaded after import = 125

========================================================================
Received Import Request.
  Time since last request: 4.796510 seconds.
  path: Assets/Prefabs/Menu_Dictation.prefab
  artifactKey: Guid(2b678442df6f8364a9c437b0b1b0fce4) Importer(815301076,1909f56bfc062723c751e8b465ee728b)
Start importing Assets/Prefabs/Menu_Dictation.prefab using Guid(2b678442df6f8364a9c437b0b1b0fce4) Importer(815301076,1909f56bfc062723c751e8b465ee728b) (PreviewImporter) -> (artifact id: 'b78d9eb38d5f7f1cb0c746bb6ffdf360') in 0.0251701 seconds
Number of updated asset objects reloaded before import = 0Number of asset objects unloaded after import = 124

========================================================================
Received Import Request.
  Time since last request: 4.580981 seconds.
  path: Assets/Prefabs/Menu_Dictation.prefab
  artifactKey: Guid(2b678442df6f8364a9c437b0b1b0fce4) Importer(815301076,1909f56bfc062723c751e8b465ee728b)
Start importing Assets/Prefabs/Menu_Dictation.prefab using Guid(2b678442df6f8364a9c437b0b1b0fce4) Importer(815301076,1909f56bfc062723c751e8b465ee728b) (PreviewImporter) -> (artifact id: '71d44cb25fd77d063f192e84f8ea313f') in 0.0245071 seconds
Number of updated asset objects reloaded before import = 0Number of asset objects unloaded after import = 124

========================================================================
Received Import Request.
  Time since last request: 1.947653 seconds.
  path: Assets/Prefabs/Menu_Dictation.prefab
  artifactKey: Guid(2b678442df6f8364a9c437b0b1b0fce4) Importer(815301076,1909f56bfc062723c751e8b465ee728b)
Start importing Assets/Prefabs/Menu_Dictation.prefab using Guid(2b678442df6f8364a9c437b0b1b0fce4) Importer(815301076,1909f56bfc062723c751e8b465ee728b) (PreviewImporter) -> (artifact id: '7cc1527af9f215769efd2e2c3b417f3a') in 0.0291651 seconds
Number of updated asset objects reloaded before import = 0Number of asset objects unloaded after import = 124

========================================================================
Received Import Request.
  Time since last request: 7.321911 seconds.
  path: Assets/Prefabs/Menu_Dictation.prefab
  artifactKey: Guid(2b678442df6f8364a9c437b0b1b0fce4) Importer(815301076,1909f56bfc062723c751e8b465ee728b)
Start importing Assets/Prefabs/Menu_Dictation.prefab using Guid(2b678442df6f8364a9c437b0b1b0fce4) Importer(815301076,1909f56bfc062723c751e8b465ee728b) (PreviewImporter) -> (artifact id: '38d836952c0390bd6c2b664d4fa5f5ea') in 0.0248637 seconds
Number of updated asset objects reloaded before import = 0Number of asset objects unloaded after import = 128

========================================================================
Received Import Request.
  Time since last request: 2.977678 seconds.
  path: Assets/Prefabs/Menu_Dictation.prefab
  artifactKey: Guid(2b678442df6f8364a9c437b0b1b0fce4) Importer(815301076,1909f56bfc062723c751e8b465ee728b)
Start importing Assets/Prefabs/Menu_Dictation.prefab using Guid(2b678442df6f8364a9c437b0b1b0fce4) Importer(815301076,1909f56bfc062723c751e8b465ee728b) (PreviewImporter) -> (artifact id: 'bcdbff40dd80ecdb3eff20acbffa1e8b') in 0.0381573 seconds
Number of updated asset objects reloaded before import = 0Number of asset objects unloaded after import = 128

========================================================================
Received Import Request.
  Time since last request: 13.313512 seconds.
  path: Assets/Prefabs/Menu_Dictation.prefab
  artifactKey: Guid(2b678442df6f8364a9c437b0b1b0fce4) Importer(815301076,1909f56bfc062723c751e8b465ee728b)
Start importing Assets/Prefabs/Menu_Dictation.prefab using Guid(2b678442df6f8364a9c437b0b1b0fce4) Importer(815301076,1909f56bfc062723c751e8b465ee728b) (PreviewImporter) -> (artifact id: '67735ec33490c760e5ba942a765d49ae') in 0.02525 seconds
Number of updated asset objects reloaded before import = 0Number of asset objects unloaded after import = 128

========================================================================
Received Import Request.
  Time since last request: 1.384606 seconds.
  path: Assets/Prefabs/Menu_Dictation.prefab
  artifactKey: Guid(2b678442df6f8364a9c437b0b1b0fce4) Importer(815301076,1909f56bfc062723c751e8b465ee728b)
Start importing Assets/Prefabs/Menu_Dictation.prefab using Guid(2b678442df6f8364a9c437b0b1b0fce4) Importer(815301076,1909f56bfc062723c751e8b465ee728b) (PreviewImporter) -> (artifact id: 'bfbe4d4914722887c4597c11190e25fc') in 0.0345751 seconds
Number of updated asset objects reloaded before import = 0Number of asset objects unloaded after import = 128

========================================================================
Received Import Request.
  Time since last request: 2.811430 seconds.
  path: Assets/Prefabs/Menu_Dictation.prefab
  artifactKey: Guid(2b678442df6f8364a9c437b0b1b0fce4) Importer(815301076,1909f56bfc062723c751e8b465ee728b)
Start importing Assets/Prefabs/Menu_Dictation.prefab using Guid(2b678442df6f8364a9c437b0b1b0fce4) Importer(815301076,1909f56bfc062723c751e8b465ee728b) (PreviewImporter) -> (artifact id: '24e57b9f719323811dc90af1030f4e2d') in 0.0248315 seconds
Number of updated asset objects reloaded before import = 0Number of asset objects unloaded after import = 128

========================================================================
Received Import Request.
  Time since last request: 1.393381 seconds.
  path: Assets/Prefabs/Menu_Dictation.prefab
  artifactKey: Guid(2b678442df6f8364a9c437b0b1b0fce4) Importer(815301076,1909f56bfc062723c751e8b465ee728b)
Start importing Assets/Prefabs/Menu_Dictation.prefab using Guid(2b678442df6f8364a9c437b0b1b0fce4) Importer(815301076,1909f56bfc062723c751e8b465ee728b) (PreviewImporter) -> (artifact id: 'b4279ab257f2847f894e039649e43136') in 0.0259385 seconds
Number of updated asset objects reloaded before import = 0Number of asset objects unloaded after import = 128

========================================================================
Received Import Request.
  Time since last request: 1.332588 seconds.
  path: Assets/Prefabs/Menu_Dictation.prefab
  artifactKey: Guid(2b678442df6f8364a9c437b0b1b0fce4) Importer(815301076,1909f56bfc062723c751e8b465ee728b)
Start importing Assets/Prefabs/Menu_Dictation.prefab using Guid(2b678442df6f8364a9c437b0b1b0fce4) Importer(815301076,1909f56bfc062723c751e8b465ee728b) (PreviewImporter) -> (artifact id: 'ea23a2023fd0b9423dfdd50442ef7f2a') in 0.02823 seconds
Number of updated asset objects reloaded before import = 0Number of asset objects unloaded after import = 128

========================================================================
Received Import Request.
  Time since last request: 0.340094 seconds.
  path: Assets/Prefabs/Menu_Dictation.prefab
  artifactKey: Guid(2b678442df6f8364a9c437b0b1b0fce4) Importer(815301076,1909f56bfc062723c751e8b465ee728b)
Start importing Assets/Prefabs/Menu_Dictation.prefab using Guid(2b678442df6f8364a9c437b0b1b0fce4) Importer(815301076,1909f56bfc062723c751e8b465ee728b) (PreviewImporter) -> (artifact id: '41ec65afdb890447b171c56e53063710') in 0.0244639 seconds
Number of updated asset objects reloaded before import = 0Number of asset objects unloaded after import = 128

========================================================================
Received Import Request.
  Time since last request: 0.351463 seconds.
  path: Assets/Prefabs/Menu_Dictation.prefab
  artifactKey: Guid(2b678442df6f8364a9c437b0b1b0fce4) Importer(815301076,1909f56bfc062723c751e8b465ee728b)
Start importing Assets/Prefabs/Menu_Dictation.prefab using Guid(2b678442df6f8364a9c437b0b1b0fce4) Importer(815301076,1909f56bfc062723c751e8b465ee728b) (PreviewImporter) -> (artifact id: '3e117ed922e02fd0182d9260cf54fb32') in 0.0288996 seconds
Number of updated asset objects reloaded before import = 0Number of asset objects unloaded after import = 128

========================================================================
Received Import Request.
  Time since last request: 2.479133 seconds.
  path: Assets/Prefabs/Menu_Dictation.prefab
  artifactKey: Guid(2b678442df6f8364a9c437b0b1b0fce4) Importer(815301076,1909f56bfc062723c751e8b465ee728b)
Start importing Assets/Prefabs/Menu_Dictation.prefab using Guid(2b678442df6f8364a9c437b0b1b0fce4) Importer(815301076,1909f56bfc062723c751e8b465ee728b) (PreviewImporter) -> (artifact id: 'edf37c5778bafbe7b2253f5ee2f957a0') in 0.0258403 seconds
Number of updated asset objects reloaded before import = 0Number of asset objects unloaded after import = 128

========================================================================
Received Import Request.
  Time since last request: 8.668828 seconds.
  path: Assets/Prefabs/Menu_Dictation.prefab
  artifactKey: Guid(2b678442df6f8364a9c437b0b1b0fce4) Importer(815301076,1909f56bfc062723c751e8b465ee728b)
Start importing Assets/Prefabs/Menu_Dictation.prefab using Guid(2b678442df6f8364a9c437b0b1b0fce4) Importer(815301076,1909f56bfc062723c751e8b465ee728b) (PreviewImporter) -> (artifact id: 'ad36f2c8c7e15c830dff37a3376bb96a') in 0.0245203 seconds
Number of updated asset objects reloaded before import = 0Number of asset objects unloaded after import = 128

========================================================================
Received Import Request.
  Time since last request: 15.422076 seconds.
  path: Assets/Prefabs/Menu_Dictation.prefab
  artifactKey: Guid(2b678442df6f8364a9c437b0b1b0fce4) Importer(815301076,1909f56bfc062723c751e8b465ee728b)
Start importing Assets/Prefabs/Menu_Dictation.prefab using Guid(2b678442df6f8364a9c437b0b1b0fce4) Importer(815301076,1909f56bfc062723c751e8b465ee728b) (PreviewImporter) -> (artifact id: '126fd3b583077f02d67af48c5cdeb5b5') in 0.0323428 seconds
Number of updated asset objects reloaded before import = 0Number of asset objects unloaded after import = 128

========================================================================
Received Import Request.
  Time since last request: 82.044804 seconds.
  path: Assets/Prefabs/Menu_Dictation.prefab
  artifactKey: Guid(2b678442df6f8364a9c437b0b1b0fce4) Importer(815301076,1909f56bfc062723c751e8b465ee728b)
Start importing Assets/Prefabs/Menu_Dictation.prefab using Guid(2b678442df6f8364a9c437b0b1b0fce4) Importer(815301076,1909f56bfc062723c751e8b465ee728b) (PreviewImporter) -> (artifact id: 'd5bc9cb45386dfbb75868847df5c8fc4') in 0.0248291 seconds
Number of updated asset objects reloaded before import = 0Number of asset objects unloaded after import = 128

========================================================================
Received Import Request.
  Time since last request: 15.837112 seconds.
  path: Assets/Prefabs/Menu_Dictation.prefab
  artifactKey: Guid(2b678442df6f8364a9c437b0b1b0fce4) Importer(815301076,1909f56bfc062723c751e8b465ee728b)
Start importing Assets/Prefabs/Menu_Dictation.prefab using Guid(2b678442df6f8364a9c437b0b1b0fce4) Importer(815301076,1909f56bfc062723c751e8b465ee728b) (PreviewImporter) -> (artifact id: '12b0bb8513df0cdfc9440e72c6de271a') in 0.0251158 seconds
Number of updated asset objects reloaded before import = 0Number of asset objects unloaded after import = 128

========================================================================
Received Import Request.
  Time since last request: 1.171030 seconds.
  path: Assets/Prefabs/Menu_Dictation.prefab
  artifactKey: Guid(2b678442df6f8364a9c437b0b1b0fce4) Importer(815301076,1909f56bfc062723c751e8b465ee728b)
Start importing Assets/Prefabs/Menu_Dictation.prefab using Guid(2b678442df6f8364a9c437b0b1b0fce4) Importer(815301076,1909f56bfc062723c751e8b465ee728b) (PreviewImporter) -> (artifact id: '3dd568a0c749c650520aa477a7b508e0') in 0.0334385 seconds
Number of updated asset objects reloaded before import = 0Number of asset objects unloaded after import = 128

========================================================================
Received Import Request.
  Time since last request: 2.131838 seconds.
  path: Assets/Prefabs/Menu_Dictation.prefab
  artifactKey: Guid(2b678442df6f8364a9c437b0b1b0fce4) Importer(815301076,1909f56bfc062723c751e8b465ee728b)
Start importing Assets/Prefabs/Menu_Dictation.prefab using Guid(2b678442df6f8364a9c437b0b1b0fce4) Importer(815301076,1909f56bfc062723c751e8b465ee728b) (PreviewImporter) -> (artifact id: '865c0f7eff8f9d5de56ac0bcb8ace37a') in 0.0237927 seconds
Number of updated asset objects reloaded before import = 0Number of asset objects unloaded after import = 128

========================================================================
Received Import Request.
  Time since last request: 2.222367 seconds.
  path: Assets/Prefabs/Menu_Dictation.prefab
  artifactKey: Guid(2b678442df6f8364a9c437b0b1b0fce4) Importer(815301076,1909f56bfc062723c751e8b465ee728b)
Start importing Assets/Prefabs/Menu_Dictation.prefab using Guid(2b678442df6f8364a9c437b0b1b0fce4) Importer(815301076,1909f56bfc062723c751e8b465ee728b) (PreviewImporter) -> (artifact id: 'c3eab440ad40083d9ebce3308c9b2fb3') in 0.0243606 seconds
Number of updated asset objects reloaded before import = 0Number of asset objects unloaded after import = 128

========================================================================
Received Import Request.
  Time since last request: 4.402595 seconds.
  path: Assets/Prefabs/Menu_Dictation.prefab
  artifactKey: Guid(2b678442df6f8364a9c437b0b1b0fce4) Importer(815301076,1909f56bfc062723c751e8b465ee728b)
Start importing Assets/Prefabs/Menu_Dictation.prefab using Guid(2b678442df6f8364a9c437b0b1b0fce4) Importer(815301076,1909f56bfc062723c751e8b465ee728b) (PreviewImporter) -> (artifact id: 'f5543635b1c695a43df7ccf8cb283014') in 0.0255193 seconds
Number of updated asset objects reloaded before import = 0Number of asset objects unloaded after import = 128

========================================================================
Received Import Request.
  Time since last request: 10.058454 seconds.
  path: Assets/Prefabs/Menu_Dictation.prefab
  artifactKey: Guid(2b678442df6f8364a9c437b0b1b0fce4) Importer(815301076,1909f56bfc062723c751e8b465ee728b)
Start importing Assets/Prefabs/Menu_Dictation.prefab using Guid(2b678442df6f8364a9c437b0b1b0fce4) Importer(815301076,1909f56bfc062723c751e8b465ee728b) (PreviewImporter) -> (artifact id: '780d4f114f0e836bfbfa7b6ed79258b1') in 0.0229866 seconds
Number of updated asset objects reloaded before import = 0Number of asset objects unloaded after import = 128

========================================================================
Received Import Request.
  Time since last request: 2.043837 seconds.
  path: Assets/Prefabs/Menu_Dictation.prefab
  artifactKey: Guid(2b678442df6f8364a9c437b0b1b0fce4) Importer(815301076,1909f56bfc062723c751e8b465ee728b)
Start importing Assets/Prefabs/Menu_Dictation.prefab using Guid(2b678442df6f8364a9c437b0b1b0fce4) Importer(815301076,1909f56bfc062723c751e8b465ee728b) (PreviewImporter) -> (artifact id: 'a1df3201cd5e77ce12f9af2ca9656eb0') in 0.0241574 seconds
Number of updated asset objects reloaded before import = 0Number of asset objects unloaded after import = 128

========================================================================
Received Import Request.
  Time since last request: 7.344210 seconds.
  path: Assets/Prefabs/Menu_Dictation.prefab
  artifactKey: Guid(2b678442df6f8364a9c437b0b1b0fce4) Importer(815301076,1909f56bfc062723c751e8b465ee728b)
Start importing Assets/Prefabs/Menu_Dictation.prefab using Guid(2b678442df6f8364a9c437b0b1b0fce4) Importer(815301076,1909f56bfc062723c751e8b465ee728b) (PreviewImporter) -> (artifact id: 'fcb38cfe40693ab11ec553128db2b0bc') in 0.0253427 seconds
Number of updated asset objects reloaded before import = 0Number of asset objects unloaded after import = 128

========================================================================
Received Import Request.
  Time since last request: 1.515552 seconds.
  path: Assets/Prefabs/Menu_Dictation.prefab
  artifactKey: Guid(2b678442df6f8364a9c437b0b1b0fce4) Importer(815301076,1909f56bfc062723c751e8b465ee728b)
Start importing Assets/Prefabs/Menu_Dictation.prefab using Guid(2b678442df6f8364a9c437b0b1b0fce4) Importer(815301076,1909f56bfc062723c751e8b465ee728b) (PreviewImporter) -> (artifact id: '90b92e774765a5372b8eeb6f4d69941e') in 0.02608 seconds
Number of updated asset objects reloaded before import = 0Number of asset objects unloaded after import = 128

========================================================================
Received Import Request.
  Time since last request: 2.742344 seconds.
  path: Assets/Prefabs/Menu_Dictation.prefab
  artifactKey: Guid(2b678442df6f8364a9c437b0b1b0fce4) Importer(815301076,1909f56bfc062723c751e8b465ee728b)
Start importing Assets/Prefabs/Menu_Dictation.prefab using Guid(2b678442df6f8364a9c437b0b1b0fce4) Importer(815301076,1909f56bfc062723c751e8b465ee728b) (PreviewImporter) -> (artifact id: 'acb8abcdf374b2f4c1e9fdaf1144090a') in 0.023583 seconds
Number of updated asset objects reloaded before import = 0Number of asset objects unloaded after import = 128

========================================================================
Received Import Request.
  Time since last request: 5.398525 seconds.
  path: Assets/Prefabs/Menu_Dictation.prefab
  artifactKey: Guid(2b678442df6f8364a9c437b0b1b0fce4) Importer(815301076,1909f56bfc062723c751e8b465ee728b)
Start importing Assets/Prefabs/Menu_Dictation.prefab using Guid(2b678442df6f8364a9c437b0b1b0fce4) Importer(815301076,1909f56bfc062723c751e8b465ee728b) (PreviewImporter) -> (artifact id: '693697d326d8c55e42268be5edf1108f') in 0.027234 seconds
Number of updated asset objects reloaded before import = 0Number of asset objects unloaded after import = 128

========================================================================
Received Import Request.
  Time since last request: 3.193523 seconds.
  path: Assets/Prefabs/Menu_Dictation.prefab
  artifactKey: Guid(2b678442df6f8364a9c437b0b1b0fce4) Importer(815301076,1909f56bfc062723c751e8b465ee728b)
Start importing Assets/Prefabs/Menu_Dictation.prefab using Guid(2b678442df6f8364a9c437b0b1b0fce4) Importer(815301076,1909f56bfc062723c751e8b465ee728b) (PreviewImporter) -> (artifact id: 'b0547654ebca4d80a76cea6df0c554d3') in 0.0272029 seconds
Number of updated asset objects reloaded before import = 0Number of asset objects unloaded after import = 128

========================================================================
Received Import Request.
  Time since last request: 3.218663 seconds.
  path: Assets/Prefabs/Menu_Dictation.prefab
  artifactKey: Guid(2b678442df6f8364a9c437b0b1b0fce4) Importer(815301076,1909f56bfc062723c751e8b465ee728b)
Start importing Assets/Prefabs/Menu_Dictation.prefab using Guid(2b678442df6f8364a9c437b0b1b0fce4) Importer(815301076,1909f56bfc062723c751e8b465ee728b) (PreviewImporter) -> (artifact id: 'bfa41a1613d03058c48e582261d99f5b') in 0.0300869 seconds
Number of updated asset objects reloaded before import = 0Number of asset objects unloaded after import = 128

========================================================================
Received Import Request.
  Time since last request: 1.375181 seconds.
  path: Assets/Prefabs/Menu_Dictation.prefab
  artifactKey: Guid(2b678442df6f8364a9c437b0b1b0fce4) Importer(815301076,1909f56bfc062723c751e8b465ee728b)
Start importing Assets/Prefabs/Menu_Dictation.prefab using Guid(2b678442df6f8364a9c437b0b1b0fce4) Importer(815301076,1909f56bfc062723c751e8b465ee728b) (PreviewImporter) -> (artifact id: '5c60c2e19ce1505ef2a3a853e03b70d1') in 0.024737 seconds
Number of updated asset objects reloaded before import = 0Number of asset objects unloaded after import = 128

========================================================================
Received Import Request.
  Time since last request: 6.137654 seconds.
  path: Assets/Prefabs/Menu_Dictation.prefab
  artifactKey: Guid(2b678442df6f8364a9c437b0b1b0fce4) Importer(815301076,1909f56bfc062723c751e8b465ee728b)
Start importing Assets/Prefabs/Menu_Dictation.prefab using Guid(2b678442df6f8364a9c437b0b1b0fce4) Importer(815301076,1909f56bfc062723c751e8b465ee728b) (PreviewImporter) -> (artifact id: '12ca971b6fed16d4a3196850a6540ef2') in 0.025039 seconds
Number of updated asset objects reloaded before import = 0Number of asset objects unloaded after import = 133

========================================================================
Received Import Request.
  Time since last request: 3.023026 seconds.
  path: Assets/Prefabs/Menu_Dictation.prefab
  artifactKey: Guid(2b678442df6f8364a9c437b0b1b0fce4) Importer(815301076,1909f56bfc062723c751e8b465ee728b)
Start importing Assets/Prefabs/Menu_Dictation.prefab using Guid(2b678442df6f8364a9c437b0b1b0fce4) Importer(815301076,1909f56bfc062723c751e8b465ee728b) (PreviewImporter) -> (artifact id: '2d816fa080c5d9c75ad44a73fbb08945') in 0.0274423 seconds
Number of updated asset objects reloaded before import = 0Number of asset objects unloaded after import = 133

========================================================================
Received Import Request.
  Time since last request: 7.851447 seconds.
  path: Assets/Prefabs/Menu_Dictation.prefab
  artifactKey: Guid(2b678442df6f8364a9c437b0b1b0fce4) Importer(815301076,1909f56bfc062723c751e8b465ee728b)
Start importing Assets/Prefabs/Menu_Dictation.prefab using Guid(2b678442df6f8364a9c437b0b1b0fce4) Importer(815301076,1909f56bfc062723c751e8b465ee728b) (PreviewImporter) -> (artifact id: '1a98b41702c24f74a29fac49c8cf5884') in 0.0232732 seconds
Number of updated asset objects reloaded before import = 0Number of asset objects unloaded after import = 133

========================================================================
Received Import Request.
  Time since last request: 5.804412 seconds.
  path: Assets/Prefabs/Menu_Dictation.prefab
  artifactKey: Guid(2b678442df6f8364a9c437b0b1b0fce4) Importer(815301076,1909f56bfc062723c751e8b465ee728b)
Start importing Assets/Prefabs/Menu_Dictation.prefab using Guid(2b678442df6f8364a9c437b0b1b0fce4) Importer(815301076,1909f56bfc062723c751e8b465ee728b) (PreviewImporter) -> (artifact id: '56e6961f725f11a332deadfbde522208') in 0.0284935 seconds
Number of updated asset objects reloaded before import = 0Number of asset objects unloaded after import = 133

========================================================================
Received Import Request.
  Time since last request: 5.188618 seconds.
  path: Assets/Prefabs/Menu_Dictation.prefab
  artifactKey: Guid(2b678442df6f8364a9c437b0b1b0fce4) Importer(815301076,1909f56bfc062723c751e8b465ee728b)
Start importing Assets/Prefabs/Menu_Dictation.prefab using Guid(2b678442df6f8364a9c437b0b1b0fce4) Importer(815301076,1909f56bfc062723c751e8b465ee728b) (PreviewImporter) -> (artifact id: '53b8f3bce8e7db1c237daf4bfc7920e7') in 0.0266296 seconds
Number of updated asset objects reloaded before import = 0Number of asset objects unloaded after import = 133

========================================================================
Received Import Request.
  Time since last request: 2.522209 seconds.
  path: Assets/Prefabs/Menu_Dictation.prefab
  artifactKey: Guid(2b678442df6f8364a9c437b0b1b0fce4) Importer(815301076,1909f56bfc062723c751e8b465ee728b)
Start importing Assets/Prefabs/Menu_Dictation.prefab using Guid(2b678442df6f8364a9c437b0b1b0fce4) Importer(815301076,1909f56bfc062723c751e8b465ee728b) (PreviewImporter) -> (artifact id: '8c611764fe26e76d15b057d5efaf9649') in 0.0268565 seconds
Number of updated asset objects reloaded before import = 0Number of asset objects unloaded after import = 133

========================================================================
Received Import Request.
  Time since last request: 14.699037 seconds.
  path: Assets/Prefabs/Menu_Dictation.prefab
  artifactKey: Guid(2b678442df6f8364a9c437b0b1b0fce4) Importer(815301076,1909f56bfc062723c751e8b465ee728b)
Start importing Assets/Prefabs/Menu_Dictation.prefab using Guid(2b678442df6f8364a9c437b0b1b0fce4) Importer(815301076,1909f56bfc062723c751e8b465ee728b) (PreviewImporter) -> (artifact id: 'd0fad84f6c0668d4fbf73f2173d48195') in 0.0246554 seconds
Number of updated asset objects reloaded before import = 0Number of asset objects unloaded after import = 133

========================================================================
Received Import Request.
  Time since last request: 1.338780 seconds.
  path: Assets/Prefabs/Menu_Dictation.prefab
  artifactKey: Guid(2b678442df6f8364a9c437b0b1b0fce4) Importer(815301076,1909f56bfc062723c751e8b465ee728b)
Start importing Assets/Prefabs/Menu_Dictation.prefab using Guid(2b678442df6f8364a9c437b0b1b0fce4) Importer(815301076,1909f56bfc062723c751e8b465ee728b) (PreviewImporter) -> (artifact id: 'd6da80dca5b2cef5e094b57d1eff21d0') in 0.0269199 seconds
Number of updated asset objects reloaded before import = 0Number of asset objects unloaded after import = 133

========================================================================
Received Import Request.
  Time since last request: 3.054416 seconds.
  path: Assets/Prefabs/Menu_Dictation.prefab
  artifactKey: Guid(2b678442df6f8364a9c437b0b1b0fce4) Importer(815301076,1909f56bfc062723c751e8b465ee728b)
Start importing Assets/Prefabs/Menu_Dictation.prefab using Guid(2b678442df6f8364a9c437b0b1b0fce4) Importer(815301076,1909f56bfc062723c751e8b465ee728b) (PreviewImporter) -> (artifact id: 'c1835a6ea03931c10647563d264431c7') in 0.0315709 seconds
Number of updated asset objects reloaded before import = 0Number of asset objects unloaded after import = 129

========================================================================
Received Import Request.
  Time since last request: 5.213286 seconds.
  path: Assets/Prefabs/Menu_Dictation.prefab
  artifactKey: Guid(2b678442df6f8364a9c437b0b1b0fce4) Importer(815301076,1909f56bfc062723c751e8b465ee728b)
Start importing Assets/Prefabs/Menu_Dictation.prefab using Guid(2b678442df6f8364a9c437b0b1b0fce4) Importer(815301076,1909f56bfc062723c751e8b465ee728b) (PreviewImporter) -> (artifact id: '8a10e15539b1f8882ece4372be864822') in 0.0265422 seconds
Number of updated asset objects reloaded before import = 0Number of asset objects unloaded after import = 129

========================================================================
Received Import Request.
  Time since last request: 2.158438 seconds.
  path: Assets/Prefabs/Menu_Dictation.prefab
  artifactKey: Guid(2b678442df6f8364a9c437b0b1b0fce4) Importer(815301076,1909f56bfc062723c751e8b465ee728b)
Start importing Assets/Prefabs/Menu_Dictation.prefab using Guid(2b678442df6f8364a9c437b0b1b0fce4) Importer(815301076,1909f56bfc062723c751e8b465ee728b) (PreviewImporter) -> (artifact id: 'ad83d805ef023563e98d15d166d72551') in 0.0260841 seconds
Number of updated asset objects reloaded before import = 0Number of asset objects unloaded after import = 129

========================================================================
Received Import Request.
  Time since last request: 0.349657 seconds.
  path: Assets/Prefabs/Menu_Dictation.prefab
  artifactKey: Guid(2b678442df6f8364a9c437b0b1b0fce4) Importer(815301076,1909f56bfc062723c751e8b465ee728b)
Start importing Assets/Prefabs/Menu_Dictation.prefab using Guid(2b678442df6f8364a9c437b0b1b0fce4) Importer(815301076,1909f56bfc062723c751e8b465ee728b) (PreviewImporter) -> (artifact id: '982260ab3e3890ee00076dcb4390a8c2') in 0.0277067 seconds
Number of updated asset objects reloaded before import = 0Number of asset objects unloaded after import = 129

========================================================================
Received Import Request.
  Time since last request: 1.171271 seconds.
  path: Assets/Prefabs/Menu_Dictation.prefab
  artifactKey: Guid(2b678442df6f8364a9c437b0b1b0fce4) Importer(815301076,1909f56bfc062723c751e8b465ee728b)
Start importing Assets/Prefabs/Menu_Dictation.prefab using Guid(2b678442df6f8364a9c437b0b1b0fce4) Importer(815301076,1909f56bfc062723c751e8b465ee728b) (PreviewImporter) -> (artifact id: '02588707aaa1a75e4e3dfa7527febc33') in 0.0311464 seconds
Number of updated asset objects reloaded before import = 0Number of asset objects unloaded after import = 129

========================================================================
Received Import Request.
  Time since last request: 2.106412 seconds.
  path: Assets/Prefabs/Menu_Dictation.prefab
  artifactKey: Guid(2b678442df6f8364a9c437b0b1b0fce4) Importer(815301076,1909f56bfc062723c751e8b465ee728b)
Start importing Assets/Prefabs/Menu_Dictation.prefab using Guid(2b678442df6f8364a9c437b0b1b0fce4) Importer(815301076,1909f56bfc062723c751e8b465ee728b) (PreviewImporter) -> (artifact id: '330c0a8f9c0e146aa3515bdafedbc011') in 0.028425 seconds
Number of updated asset objects reloaded before import = 0Number of asset objects unloaded after import = 129

========================================================================
Received Import Request.
  Time since last request: 5.020446 seconds.
  path: Assets/Prefabs/Menu_Dictation.prefab
  artifactKey: Guid(2b678442df6f8364a9c437b0b1b0fce4) Importer(815301076,1909f56bfc062723c751e8b465ee728b)
Start importing Assets/Prefabs/Menu_Dictation.prefab using Guid(2b678442df6f8364a9c437b0b1b0fce4) Importer(815301076,1909f56bfc062723c751e8b465ee728b) (PreviewImporter) -> (artifact id: '914f259bbbb503727006bd34448dda8a') in 0.0246249 seconds
Number of updated asset objects reloaded before import = 0Number of asset objects unloaded after import = 129

========================================================================
Received Import Request.
  Time since last request: 0.510858 seconds.
  path: Assets/Prefabs/Menu_Dictation.prefab
  artifactKey: Guid(2b678442df6f8364a9c437b0b1b0fce4) Importer(815301076,1909f56bfc062723c751e8b465ee728b)
Start importing Assets/Prefabs/Menu_Dictation.prefab using Guid(2b678442df6f8364a9c437b0b1b0fce4) Importer(815301076,1909f56bfc062723c751e8b465ee728b) (PreviewImporter) -> (artifact id: 'd2384441f28585fd87ce156e3448a85d') in 0.0269073 seconds
Number of updated asset objects reloaded before import = 0Number of asset objects unloaded after import = 129

========================================================================
Received Import Request.
  Time since last request: 15.558601 seconds.
  path: Assets/Prefabs/Menu_Dictation.prefab
  artifactKey: Guid(2b678442df6f8364a9c437b0b1b0fce4) Importer(815301076,1909f56bfc062723c751e8b465ee728b)
Start importing Assets/Prefabs/Menu_Dictation.prefab using Guid(2b678442df6f8364a9c437b0b1b0fce4) Importer(815301076,1909f56bfc062723c751e8b465ee728b) (PreviewImporter) -> (artifact id: '6c1f7ef9d4b52248ff6cd456362b7eae') in 0.0262606 seconds
Number of updated asset objects reloaded before import = 0Number of asset objects unloaded after import = 130

========================================================================
Received Import Request.
  Time since last request: 8.917493 seconds.
  path: Assets/Prefabs/Menu_Dictation.prefab
  artifactKey: Guid(2b678442df6f8364a9c437b0b1b0fce4) Importer(815301076,1909f56bfc062723c751e8b465ee728b)
Start importing Assets/Prefabs/Menu_Dictation.prefab using Guid(2b678442df6f8364a9c437b0b1b0fce4) Importer(815301076,1909f56bfc062723c751e8b465ee728b) (PreviewImporter) -> (artifact id: 'fa0ba2b172de2eaaeb4085bbdc832180') in 0.031395 seconds
Number of updated asset objects reloaded before import = 0Number of asset objects unloaded after import = 130

========================================================================
Received Import Request.
  Time since last request: 1.381227 seconds.
  path: Assets/Prefabs/Menu_Dictation.prefab
  artifactKey: Guid(2b678442df6f8364a9c437b0b1b0fce4) Importer(815301076,1909f56bfc062723c751e8b465ee728b)
Start importing Assets/Prefabs/Menu_Dictation.prefab using Guid(2b678442df6f8364a9c437b0b1b0fce4) Importer(815301076,1909f56bfc062723c751e8b465ee728b) (PreviewImporter) -> (artifact id: '9e79370344b0b37fb96cd77ca8a644dc') in 0.0259488 seconds
Number of updated asset objects reloaded before import = 0Number of asset objects unloaded after import = 124

========================================================================
Received Import Request.
  Time since last request: 5.643357 seconds.
  path: Assets/Prefabs/Menu_Dictation.prefab
  artifactKey: Guid(2b678442df6f8364a9c437b0b1b0fce4) Importer(815301076,1909f56bfc062723c751e8b465ee728b)
Start importing Assets/Prefabs/Menu_Dictation.prefab using Guid(2b678442df6f8364a9c437b0b1b0fce4) Importer(815301076,1909f56bfc062723c751e8b465ee728b) (PreviewImporter) -> (artifact id: 'b082ab2b9a04595a98e58fe54258ac1d') in 0.0250392 seconds
Number of updated asset objects reloaded before import = 0Number of asset objects unloaded after import = 124

========================================================================
Received Import Request.
  Time since last request: 0.742185 seconds.
  path: Assets/Prefabs/Menu_Dictation.prefab
  artifactKey: Guid(2b678442df6f8364a9c437b0b1b0fce4) Importer(815301076,1909f56bfc062723c751e8b465ee728b)
Start importing Assets/Prefabs/Menu_Dictation.prefab using Guid(2b678442df6f8364a9c437b0b1b0fce4) Importer(815301076,1909f56bfc062723c751e8b465ee728b) (PreviewImporter) -> (artifact id: '39ec23d3e7cc4ca266564edff10f9645') in 0.0232929 seconds
Number of updated asset objects reloaded before import = 0Number of asset objects unloaded after import = 124

========================================================================
Received Import Request.
  Time since last request: 0.961611 seconds.
  path: Assets/Prefabs/Menu_Dictation.prefab
  artifactKey: Guid(2b678442df6f8364a9c437b0b1b0fce4) Importer(815301076,1909f56bfc062723c751e8b465ee728b)
Start importing Assets/Prefabs/Menu_Dictation.prefab using Guid(2b678442df6f8364a9c437b0b1b0fce4) Importer(815301076,1909f56bfc062723c751e8b465ee728b) (PreviewImporter) -> (artifact id: '85ae8041930893006263253772f72df2') in 0.0259878 seconds
Number of updated asset objects reloaded before import = 0Number of asset objects unloaded after import = 124

========================================================================
Received Import Request.
  Time since last request: 0.510050 seconds.
  path: Assets/Prefabs/Menu_Dictation.prefab
  artifactKey: Guid(2b678442df6f8364a9c437b0b1b0fce4) Importer(815301076,1909f56bfc062723c751e8b465ee728b)
Start importing Assets/Prefabs/Menu_Dictation.prefab using Guid(2b678442df6f8364a9c437b0b1b0fce4) Importer(815301076,1909f56bfc062723c751e8b465ee728b) (PreviewImporter) -> (artifact id: 'bbeab5fcc5a558947cd9b65e84b9d447') in 0.0258939 seconds
Number of updated asset objects reloaded before import = 0Number of asset objects unloaded after import = 124

========================================================================
Received Import Request.
  Time since last request: 3.030117 seconds.
  path: Assets/Prefabs/Menu_Dictation.prefab
  artifactKey: Guid(2b678442df6f8364a9c437b0b1b0fce4) Importer(815301076,1909f56bfc062723c751e8b465ee728b)
Start importing Assets/Prefabs/Menu_Dictation.prefab using Guid(2b678442df6f8364a9c437b0b1b0fce4) Importer(815301076,1909f56bfc062723c751e8b465ee728b) (PreviewImporter) -> (artifact id: '77ec41fe1d66e5c731f6dd1c11761af0') in 0.0238431 seconds
Number of updated asset objects reloaded before import = 0Number of asset objects unloaded after import = 124

========================================================================
Received Import Request.
  Time since last request: 3.474677 seconds.
  path: Assets/Prefabs/Menu_Dictation.prefab
  artifactKey: Guid(2b678442df6f8364a9c437b0b1b0fce4) Importer(815301076,1909f56bfc062723c751e8b465ee728b)
Start importing Assets/Prefabs/Menu_Dictation.prefab using Guid(2b678442df6f8364a9c437b0b1b0fce4) Importer(815301076,1909f56bfc062723c751e8b465ee728b) (PreviewImporter) -> (artifact id: 'cc91b8b1bf521c6801b2f4173efad30b') in 0.0250317 seconds
Number of updated asset objects reloaded before import = 0Number of asset objects unloaded after import = 128

========================================================================
Received Import Request.
  Time since last request: 1.364722 seconds.
  path: Assets/Prefabs/Menu_Dictation.prefab
  artifactKey: Guid(2b678442df6f8364a9c437b0b1b0fce4) Importer(815301076,1909f56bfc062723c751e8b465ee728b)
Start importing Assets/Prefabs/Menu_Dictation.prefab using Guid(2b678442df6f8364a9c437b0b1b0fce4) Importer(815301076,1909f56bfc062723c751e8b465ee728b) (PreviewImporter) -> (artifact id: '5be38b06565a0db7cb6436dd9a0de5eb') in 0.0249765 seconds
Number of updated asset objects reloaded before import = 0Number of asset objects unloaded after import = 128

========================================================================
Received Import Request.
  Time since last request: 6.239033 seconds.
  path: Assets/Prefabs/Menu_Dictation.prefab
  artifactKey: Guid(2b678442df6f8364a9c437b0b1b0fce4) Importer(815301076,1909f56bfc062723c751e8b465ee728b)
Start importing Assets/Prefabs/Menu_Dictation.prefab using Guid(2b678442df6f8364a9c437b0b1b0fce4) Importer(815301076,1909f56bfc062723c751e8b465ee728b) (PreviewImporter) -> (artifact id: 'e309ddbfa842beeef2c16d612b436eb6') in 0.0249043 seconds
Number of updated asset objects reloaded before import = 0Number of asset objects unloaded after import = 128

========================================================================
Received Import Request.
  Time since last request: 2.548898 seconds.
  path: Assets/Prefabs/Menu_Dictation.prefab
  artifactKey: Guid(2b678442df6f8364a9c437b0b1b0fce4) Importer(815301076,1909f56bfc062723c751e8b465ee728b)
Start importing Assets/Prefabs/Menu_Dictation.prefab using Guid(2b678442df6f8364a9c437b0b1b0fce4) Importer(815301076,1909f56bfc062723c751e8b465ee728b) (PreviewImporter) -> (artifact id: 'bb55a38aa6a7955cc3750393078448a2') in 0.0262395 seconds
Number of updated asset objects reloaded before import = 0Number of asset objects unloaded after import = 128

========================================================================
Received Import Request.
  Time since last request: 1.347442 seconds.
  path: Assets/Prefabs/Menu_Dictation.prefab
  artifactKey: Guid(2b678442df6f8364a9c437b0b1b0fce4) Importer(815301076,1909f56bfc062723c751e8b465ee728b)
Start importing Assets/Prefabs/Menu_Dictation.prefab using Guid(2b678442df6f8364a9c437b0b1b0fce4) Importer(815301076,1909f56bfc062723c751e8b465ee728b) (PreviewImporter) -> (artifact id: '54b1878aa21b2b6615ba249b0849c55d') in 0.0283197 seconds
Number of updated asset objects reloaded before import = 0Number of asset objects unloaded after import = 128

========================================================================
Received Import Request.
  Time since last request: 1.175376 seconds.
  path: Assets/Prefabs/Menu_Dictation.prefab
  artifactKey: Guid(2b678442df6f8364a9c437b0b1b0fce4) Importer(815301076,1909f56bfc062723c751e8b465ee728b)
Start importing Assets/Prefabs/Menu_Dictation.prefab using Guid(2b678442df6f8364a9c437b0b1b0fce4) Importer(815301076,1909f56bfc062723c751e8b465ee728b) (PreviewImporter) -> (artifact id: '6bf4648311d6b421e7f8439f1d8e1c59') in 0.0307329 seconds
Number of updated asset objects reloaded before import = 0Number of asset objects unloaded after import = 128

========================================================================
Received Import Request.
  Time since last request: 0.725199 seconds.
  path: Assets/Prefabs/Menu_Dictation.prefab
  artifactKey: Guid(2b678442df6f8364a9c437b0b1b0fce4) Importer(815301076,1909f56bfc062723c751e8b465ee728b)
Start importing Assets/Prefabs/Menu_Dictation.prefab using Guid(2b678442df6f8364a9c437b0b1b0fce4) Importer(815301076,1909f56bfc062723c751e8b465ee728b) (PreviewImporter) -> (artifact id: '458045e750d62559129669dbad329db3') in 0.0286786 seconds
Number of updated asset objects reloaded before import = 0Number of asset objects unloaded after import = 128

========================================================================
Received Import Request.
  Time since last request: 2.542894 seconds.
  path: Assets/Prefabs/Menu_Dictation.prefab
  artifactKey: Guid(2b678442df6f8364a9c437b0b1b0fce4) Importer(815301076,1909f56bfc062723c751e8b465ee728b)
Start importing Assets/Prefabs/Menu_Dictation.prefab using Guid(2b678442df6f8364a9c437b0b1b0fce4) Importer(815301076,1909f56bfc062723c751e8b465ee728b) (PreviewImporter) -> (artifact id: 'e9deae928108d14ed3d48e31cc227678') in 0.0303625 seconds
Number of updated asset objects reloaded before import = 0Number of asset objects unloaded after import = 128

========================================================================
Received Import Request.
  Time since last request: 2.556368 seconds.
  path: Assets/Prefabs/Menu_Dictation.prefab
  artifactKey: Guid(2b678442df6f8364a9c437b0b1b0fce4) Importer(815301076,1909f56bfc062723c751e8b465ee728b)
Start importing Assets/Prefabs/Menu_Dictation.prefab using Guid(2b678442df6f8364a9c437b0b1b0fce4) Importer(815301076,1909f56bfc062723c751e8b465ee728b) (PreviewImporter) -> (artifact id: 'b09ee27cb5e81c497b96d5350b2b1ad3') in 0.0334871 seconds
Number of updated asset objects reloaded before import = 0Number of asset objects unloaded after import = 128

========================================================================
Received Import Request.
  Time since last request: 4.155281 seconds.
  path: Assets/Prefabs/Menu_Dictation.prefab
  artifactKey: Guid(2b678442df6f8364a9c437b0b1b0fce4) Importer(815301076,1909f56bfc062723c751e8b465ee728b)
Start importing Assets/Prefabs/Menu_Dictation.prefab using Guid(2b678442df6f8364a9c437b0b1b0fce4) Importer(815301076,1909f56bfc062723c751e8b465ee728b) (PreviewImporter) -> (artifact id: '72772fa70ff83ca9d2f89dd23814cc83') in 0.0242478 seconds
Number of updated asset objects reloaded before import = 0Number of asset objects unloaded after import = 128

========================================================================
Received Import Request.
  Time since last request: 1.944728 seconds.
  path: Assets/Prefabs/Menu_Dictation.prefab
  artifactKey: Guid(2b678442df6f8364a9c437b0b1b0fce4) Importer(815301076,1909f56bfc062723c751e8b465ee728b)
Start importing Assets/Prefabs/Menu_Dictation.prefab using Guid(2b678442df6f8364a9c437b0b1b0fce4) Importer(815301076,1909f56bfc062723c751e8b465ee728b) (PreviewImporter) -> (artifact id: 'd5fda2c3a20fb128a5fe806056666804') in 0.0378422 seconds
Number of updated asset objects reloaded before import = 0Number of asset objects unloaded after import = 128

========================================================================
Received Import Request.
  Time since last request: 1.314231 seconds.
  path: Assets/Prefabs/Menu_Dictation.prefab
  artifactKey: Guid(2b678442df6f8364a9c437b0b1b0fce4) Importer(815301076,1909f56bfc062723c751e8b465ee728b)
Start importing Assets/Prefabs/Menu_Dictation.prefab using Guid(2b678442df6f8364a9c437b0b1b0fce4) Importer(815301076,1909f56bfc062723c751e8b465ee728b) (PreviewImporter) -> (artifact id: '3712de9dc0d5528ed8ada1f39a925706') in 0.0269169 seconds
Number of updated asset objects reloaded before import = 0Number of asset objects unloaded after import = 128

========================================================================
Received Import Request.
  Time since last request: 0.316832 seconds.
  path: Assets/Prefabs/Menu_Dictation.prefab
  artifactKey: Guid(2b678442df6f8364a9c437b0b1b0fce4) Importer(815301076,1909f56bfc062723c751e8b465ee728b)
Start importing Assets/Prefabs/Menu_Dictation.prefab using Guid(2b678442df6f8364a9c437b0b1b0fce4) Importer(815301076,1909f56bfc062723c751e8b465ee728b) (PreviewImporter) -> (artifact id: 'e235c43e7a9f9d71e215f7178c6ff9a1') in 0.0236776 seconds
Number of updated asset objects reloaded before import = 0Number of asset objects unloaded after import = 128

========================================================================
Received Import Request.
  Time since last request: 1.961083 seconds.
  path: Assets/Prefabs/Menu_Dictation.prefab
  artifactKey: Guid(2b678442df6f8364a9c437b0b1b0fce4) Importer(815301076,1909f56bfc062723c751e8b465ee728b)
Start importing Assets/Prefabs/Menu_Dictation.prefab using Guid(2b678442df6f8364a9c437b0b1b0fce4) Importer(815301076,1909f56bfc062723c751e8b465ee728b) (PreviewImporter) -> (artifact id: 'bfae07df52fe8c6449ca130b8b985445') in 0.0283792 seconds
Number of updated asset objects reloaded before import = 0Number of asset objects unloaded after import = 128

========================================================================
Received Import Request.
  Time since last request: 5.256887 seconds.
  path: Assets/Prefabs/Menu_Dictation.prefab
  artifactKey: Guid(2b678442df6f8364a9c437b0b1b0fce4) Importer(815301076,1909f56bfc062723c751e8b465ee728b)
Start importing Assets/Prefabs/Menu_Dictation.prefab using Guid(2b678442df6f8364a9c437b0b1b0fce4) Importer(815301076,1909f56bfc062723c751e8b465ee728b) (PreviewImporter) -> (artifact id: 'a5c6332067286f9cf23a966eb8f9d24c') in 0.0244586 seconds
Number of updated asset objects reloaded before import = 0Number of asset objects unloaded after import = 128

========================================================================
Received Import Request.
  Time since last request: 4.577467 seconds.
  path: Assets/Prefabs/Menu_Dictation.prefab
  artifactKey: Guid(2b678442df6f8364a9c437b0b1b0fce4) Importer(815301076,1909f56bfc062723c751e8b465ee728b)
Start importing Assets/Prefabs/Menu_Dictation.prefab using Guid(2b678442df6f8364a9c437b0b1b0fce4) Importer(815301076,1909f56bfc062723c751e8b465ee728b) (PreviewImporter) -> (artifact id: '454700fa713162e2b29a675269033301') in 0.0267601 seconds
Number of updated asset objects reloaded before import = 0Number of asset objects unloaded after import = 128

========================================================================
Received Import Request.
  Time since last request: 10.493195 seconds.
  path: Assets/Prefabs/Menu_Dictation.prefab
  artifactKey: Guid(2b678442df6f8364a9c437b0b1b0fce4) Importer(815301076,1909f56bfc062723c751e8b465ee728b)
Start importing Assets/Prefabs/Menu_Dictation.prefab using Guid(2b678442df6f8364a9c437b0b1b0fce4) Importer(815301076,1909f56bfc062723c751e8b465ee728b) (PreviewImporter) -> (artifact id: '8496f3d0681167d674bc47fad5277ae1') in 0.0247399 seconds
Number of updated asset objects reloaded before import = 0Number of asset objects unloaded after import = 128

========================================================================
Received Import Request.
  Time since last request: 1.962398 seconds.
  path: Assets/Prefabs/Menu_Dictation.prefab
  artifactKey: Guid(2b678442df6f8364a9c437b0b1b0fce4) Importer(815301076,1909f56bfc062723c751e8b465ee728b)
Start importing Assets/Prefabs/Menu_Dictation.prefab using Guid(2b678442df6f8364a9c437b0b1b0fce4) Importer(815301076,1909f56bfc062723c751e8b465ee728b) (PreviewImporter) -> (artifact id: '8d1ec6f4f02066293cc094697f89f803') in 0.0234552 seconds
Number of updated asset objects reloaded before import = 0Number of asset objects unloaded after import = 128

========================================================================
Received Import Request.
  Time since last request: 10.905788 seconds.
  path: Assets/Prefabs/Menu_Dictation.prefab
  artifactKey: Guid(2b678442df6f8364a9c437b0b1b0fce4) Importer(815301076,1909f56bfc062723c751e8b465ee728b)
Start importing Assets/Prefabs/Menu_Dictation.prefab using Guid(2b678442df6f8364a9c437b0b1b0fce4) Importer(815301076,1909f56bfc062723c751e8b465ee728b) (PreviewImporter) -> (artifact id: 'f94364dfd67ecd6564495fbea9b322bc') in 0.0234427 seconds
Number of updated asset objects reloaded before import = 0Number of asset objects unloaded after import = 128

========================================================================
Received Import Request.
  Time since last request: 1.194224 seconds.
  path: Assets/Prefabs/Menu_Dictation.prefab
  artifactKey: Guid(2b678442df6f8364a9c437b0b1b0fce4) Importer(815301076,1909f56bfc062723c751e8b465ee728b)
Start importing Assets/Prefabs/Menu_Dictation.prefab using Guid(2b678442df6f8364a9c437b0b1b0fce4) Importer(815301076,1909f56bfc062723c751e8b465ee728b) (PreviewImporter) -> (artifact id: '3c8e0f16f8f672dc9d238a5b72a831bd') in 0.0272265 seconds
Number of updated asset objects reloaded before import = 0Number of asset objects unloaded after import = 128

========================================================================
Received Import Request.
  Time since last request: 0.925113 seconds.
  path: Assets/Prefabs/Menu_Dictation.prefab
  artifactKey: Guid(2b678442df6f8364a9c437b0b1b0fce4) Importer(815301076,1909f56bfc062723c751e8b465ee728b)
Start importing Assets/Prefabs/Menu_Dictation.prefab using Guid(2b678442df6f8364a9c437b0b1b0fce4) Importer(815301076,1909f56bfc062723c751e8b465ee728b) (PreviewImporter) -> (artifact id: '8943b995b2563241a96d4bf3b7959b9e') in 0.0252378 seconds
Number of updated asset objects reloaded before import = 0Number of asset objects unloaded after import = 128

========================================================================
Received Import Request.
  Time since last request: 1.534024 seconds.
  path: Assets/Prefabs/Menu_Dictation.prefab
  artifactKey: Guid(2b678442df6f8364a9c437b0b1b0fce4) Importer(815301076,1909f56bfc062723c751e8b465ee728b)
Start importing Assets/Prefabs/Menu_Dictation.prefab using Guid(2b678442df6f8364a9c437b0b1b0fce4) Importer(815301076,1909f56bfc062723c751e8b465ee728b) (PreviewImporter) -> (artifact id: 'ac09ad4f7752062e8c1f358cce22d353') in 0.0255445 seconds
Number of updated asset objects reloaded before import = 0Number of asset objects unloaded after import = 128

========================================================================
Received Import Request.
  Time since last request: 4.811243 seconds.
  path: Assets/Prefabs/Menu_Dictation.prefab
  artifactKey: Guid(2b678442df6f8364a9c437b0b1b0fce4) Importer(815301076,1909f56bfc062723c751e8b465ee728b)
Start importing Assets/Prefabs/Menu_Dictation.prefab using Guid(2b678442df6f8364a9c437b0b1b0fce4) Importer(815301076,1909f56bfc062723c751e8b465ee728b) (PreviewImporter) -> (artifact id: '8edca6e60e17e2f3b0a4a6f7fedbe06f') in 0.0245967 seconds
Number of updated asset objects reloaded before import = 0Number of asset objects unloaded after import = 128

========================================================================
Received Import Request.
  Time since last request: 8.873418 seconds.
  path: Assets/Prefabs/Menu_Dictation.prefab
  artifactKey: Guid(2b678442df6f8364a9c437b0b1b0fce4) Importer(815301076,1909f56bfc062723c751e8b465ee728b)
Start importing Assets/Prefabs/Menu_Dictation.prefab using Guid(2b678442df6f8364a9c437b0b1b0fce4) Importer(815301076,1909f56bfc062723c751e8b465ee728b) (PreviewImporter) -> (artifact id: '59666923794d7465156d8f7f6603adf8') in 0.0220048 seconds
Number of updated asset objects reloaded before import = 0Number of asset objects unloaded after import = 128

========================================================================
Received Import Request.
  Time since last request: 0.347019 seconds.
  path: Assets/Prefabs/Menu_Dictation.prefab
  artifactKey: Guid(2b678442df6f8364a9c437b0b1b0fce4) Importer(815301076,1909f56bfc062723c751e8b465ee728b)
Start importing Assets/Prefabs/Menu_Dictation.prefab using Guid(2b678442df6f8364a9c437b0b1b0fce4) Importer(815301076,1909f56bfc062723c751e8b465ee728b) (PreviewImporter) -> (artifact id: '9aebd23d73286023d475e04e93cf7de6') in 0.0214754 seconds
Number of updated asset objects reloaded before import = 0Number of asset objects unloaded after import = 128

========================================================================
Received Import Request.
  Time since last request: 0.321724 seconds.
  path: Assets/Prefabs/Menu_Dictation.prefab
  artifactKey: Guid(2b678442df6f8364a9c437b0b1b0fce4) Importer(815301076,1909f56bfc062723c751e8b465ee728b)
Start importing Assets/Prefabs/Menu_Dictation.prefab using Guid(2b678442df6f8364a9c437b0b1b0fce4) Importer(815301076,1909f56bfc062723c751e8b465ee728b) (PreviewImporter) -> (artifact id: '6ceb4d16af4d7157fbf7d4e2a6ca5e23') in 0.0225314 seconds
Number of updated asset objects reloaded before import = 0Number of asset objects unloaded after import = 128

========================================================================
Received Import Request.
  Time since last request: 0.820213 seconds.
  path: Assets/Prefabs/Menu_Dictation.prefab
  artifactKey: Guid(2b678442df6f8364a9c437b0b1b0fce4) Importer(815301076,1909f56bfc062723c751e8b465ee728b)
Start importing Assets/Prefabs/Menu_Dictation.prefab using Guid(2b678442df6f8364a9c437b0b1b0fce4) Importer(815301076,1909f56bfc062723c751e8b465ee728b) (PreviewImporter) -> (artifact id: '9ef4b77252b3c5b884ca5d2afa4af5b4') in 0.022955 seconds
Number of updated asset objects reloaded before import = 0Number of asset objects unloaded after import = 128

========================================================================
Received Import Request.
  Time since last request: 7.605859 seconds.
  path: Assets/Prefabs/Menu_Dictation.prefab
  artifactKey: Guid(2b678442df6f8364a9c437b0b1b0fce4) Importer(815301076,1909f56bfc062723c751e8b465ee728b)
Start importing Assets/Prefabs/Menu_Dictation.prefab using Guid(2b678442df6f8364a9c437b0b1b0fce4) Importer(815301076,1909f56bfc062723c751e8b465ee728b) (PreviewImporter) -> (artifact id: 'e6b03d73e43d32ce307cb131b98b0a00') in 0.0262211 seconds
Number of updated asset objects reloaded before import = 0Number of asset objects unloaded after import = 128

========================================================================
Received Import Request.
  Time since last request: 1.377706 seconds.
  path: Assets/Prefabs/Menu_Dictation.prefab
  artifactKey: Guid(2b678442df6f8364a9c437b0b1b0fce4) Importer(815301076,1909f56bfc062723c751e8b465ee728b)
Start importing Assets/Prefabs/Menu_Dictation.prefab using Guid(2b678442df6f8364a9c437b0b1b0fce4) Importer(815301076,1909f56bfc062723c751e8b465ee728b) (PreviewImporter) -> (artifact id: '4759f7c332fee4d2d7e18ac1d7f0342f') in 0.0228749 seconds
Number of updated asset objects reloaded before import = 0Number of asset objects unloaded after import = 128

========================================================================
Received Import Request.
  Time since last request: 3.036379 seconds.
  path: Assets/Prefabs/Menu_Dictation.prefab
  artifactKey: Guid(2b678442df6f8364a9c437b0b1b0fce4) Importer(815301076,1909f56bfc062723c751e8b465ee728b)
Start importing Assets/Prefabs/Menu_Dictation.prefab using Guid(2b678442df6f8364a9c437b0b1b0fce4) Importer(815301076,1909f56bfc062723c751e8b465ee728b) (PreviewImporter) -> (artifact id: 'cfd34c48b9af690c775707207e5b48d6') in 0.0224658 seconds
Number of updated asset objects reloaded before import = 0Number of asset objects unloaded after import = 128

========================================================================
Received Import Request.
  Time since last request: 4.017377 seconds.
  path: Assets/Prefabs/Menu_Dictation.prefab
  artifactKey: Guid(2b678442df6f8364a9c437b0b1b0fce4) Importer(815301076,1909f56bfc062723c751e8b465ee728b)
Start importing Assets/Prefabs/Menu_Dictation.prefab using Guid(2b678442df6f8364a9c437b0b1b0fce4) Importer(815301076,1909f56bfc062723c751e8b465ee728b) (PreviewImporter) -> (artifact id: 'efc036535e955278038a5745ff1b2780') in 0.0227809 seconds
Number of updated asset objects reloaded before import = 0Number of asset objects unloaded after import = 128

========================================================================
Received Import Request.
  Time since last request: 3.388498 seconds.
  path: Assets/Prefabs/Menu_Dictation.prefab
  artifactKey: Guid(2b678442df6f8364a9c437b0b1b0fce4) Importer(815301076,1909f56bfc062723c751e8b465ee728b)
Start importing Assets/Prefabs/Menu_Dictation.prefab using Guid(2b678442df6f8364a9c437b0b1b0fce4) Importer(815301076,1909f56bfc062723c751e8b465ee728b) (PreviewImporter) -> (artifact id: 'e5bb4f348d598b7706793306c014fb23') in 0.0249888 seconds
Number of updated asset objects reloaded before import = 0Number of asset objects unloaded after import = 128

========================================================================
Received Import Request.
  Time since last request: 2.401751 seconds.
  path: Assets/Prefabs/Menu_Dictation.prefab
  artifactKey: Guid(2b678442df6f8364a9c437b0b1b0fce4) Importer(815301076,1909f56bfc062723c751e8b465ee728b)
Start importing Assets/Prefabs/Menu_Dictation.prefab using Guid(2b678442df6f8364a9c437b0b1b0fce4) Importer(815301076,1909f56bfc062723c751e8b465ee728b) (PreviewImporter) -> (artifact id: '43dc563f7a4d901e0e93609f90dca35c') in 0.0252434 seconds
Number of updated asset objects reloaded before import = 0Number of asset objects unloaded after import = 128

========================================================================
Received Import Request.
  Time since last request: 5.045473 seconds.
  path: Assets/Prefabs/Menu_Dictation.prefab
  artifactKey: Guid(2b678442df6f8364a9c437b0b1b0fce4) Importer(815301076,1909f56bfc062723c751e8b465ee728b)
Start importing Assets/Prefabs/Menu_Dictation.prefab using Guid(2b678442df6f8364a9c437b0b1b0fce4) Importer(815301076,1909f56bfc062723c751e8b465ee728b) (PreviewImporter) -> (artifact id: '23170fc290a8b0202f7a947eba155ab8') in 0.0241839 seconds
Number of updated asset objects reloaded before import = 0Number of asset objects unloaded after import = 128

========================================================================
Received Import Request.
  Time since last request: 11.061916 seconds.
  path: Assets/Prefabs/Menu_Dictation.prefab
  artifactKey: Guid(2b678442df6f8364a9c437b0b1b0fce4) Importer(815301076,1909f56bfc062723c751e8b465ee728b)
Start importing Assets/Prefabs/Menu_Dictation.prefab using Guid(2b678442df6f8364a9c437b0b1b0fce4) Importer(815301076,1909f56bfc062723c751e8b465ee728b) (PreviewImporter) -> (artifact id: '2cdd9864d1744eb6e62ed8f3ce9f46a5') in 0.0270098 seconds
Number of updated asset objects reloaded before import = 0Number of asset objects unloaded after import = 128

========================================================================
Received Import Request.
  Time since last request: 13.921079 seconds.
  path: Assets/Prefabs/Menu_Dictation.prefab
  artifactKey: Guid(2b678442df6f8364a9c437b0b1b0fce4) Importer(815301076,1909f56bfc062723c751e8b465ee728b)
Start importing Assets/Prefabs/Menu_Dictation.prefab using Guid(2b678442df6f8364a9c437b0b1b0fce4) Importer(815301076,1909f56bfc062723c751e8b465ee728b) (PreviewImporter) -> (artifact id: '1161b532ca179a63aa25d90137fdb0cf') in 0.0259396 seconds
Number of updated asset objects reloaded before import = 0Number of asset objects unloaded after import = 132

========================================================================
Received Import Request.
  Time since last request: 4.136259 seconds.
  path: Assets/Prefabs/Menu_Dictation.prefab
  artifactKey: Guid(2b678442df6f8364a9c437b0b1b0fce4) Importer(815301076,1909f56bfc062723c751e8b465ee728b)
Start importing Assets/Prefabs/Menu_Dictation.prefab using Guid(2b678442df6f8364a9c437b0b1b0fce4) Importer(815301076,1909f56bfc062723c751e8b465ee728b) (PreviewImporter) -> (artifact id: '135960fbf809b390a7b6dee064496294') in 0.0234675 seconds
Number of updated asset objects reloaded before import = 0Number of asset objects unloaded after import = 132

========================================================================
Received Import Request.
  Time since last request: 3.143194 seconds.
  path: Assets/Prefabs/Menu_Dictation.prefab
  artifactKey: Guid(2b678442df6f8364a9c437b0b1b0fce4) Importer(815301076,1909f56bfc062723c751e8b465ee728b)
Start importing Assets/Prefabs/Menu_Dictation.prefab using Guid(2b678442df6f8364a9c437b0b1b0fce4) Importer(815301076,1909f56bfc062723c751e8b465ee728b) (PreviewImporter) -> (artifact id: 'e16ff7520078e67a56d335ad3006294b') in 0.0237978 seconds
Number of updated asset objects reloaded before import = 0Number of asset objects unloaded after import = 132

========================================================================
Received Import Request.
  Time since last request: 10.530225 seconds.
  path: Assets/Prefabs/Menu_Dictation.prefab
  artifactKey: Guid(2b678442df6f8364a9c437b0b1b0fce4) Importer(815301076,1909f56bfc062723c751e8b465ee728b)
Start importing Assets/Prefabs/Menu_Dictation.prefab using Guid(2b678442df6f8364a9c437b0b1b0fce4) Importer(815301076,1909f56bfc062723c751e8b465ee728b) (PreviewImporter) -> (artifact id: 'abbc32ef77aeda94478fd15f1f3934be') in 0.024598 seconds
Number of updated asset objects reloaded before import = 0Number of asset objects unloaded after import = 131

========================================================================
Received Import Request.
  Time since last request: 3.135774 seconds.
  path: Assets/Prefabs/Menu_Dictation.prefab
  artifactKey: Guid(2b678442df6f8364a9c437b0b1b0fce4) Importer(815301076,1909f56bfc062723c751e8b465ee728b)
Start importing Assets/Prefabs/Menu_Dictation.prefab using Guid(2b678442df6f8364a9c437b0b1b0fce4) Importer(815301076,1909f56bfc062723c751e8b465ee728b) (PreviewImporter) -> (artifact id: 'cbcf9c2be367a52acaadbbc5ed29e874') in 0.0240774 seconds
Number of updated asset objects reloaded before import = 0Number of asset objects unloaded after import = 132

========================================================================
Received Import Request.
  Time since last request: 2.385032 seconds.
  path: Assets/Prefabs/Menu_Dictation.prefab
  artifactKey: Guid(2b678442df6f8364a9c437b0b1b0fce4) Importer(815301076,1909f56bfc062723c751e8b465ee728b)
Start importing Assets/Prefabs/Menu_Dictation.prefab using Guid(2b678442df6f8364a9c437b0b1b0fce4) Importer(815301076,1909f56bfc062723c751e8b465ee728b) (PreviewImporter) -> (artifact id: '6233f726abe4f2758af5d5941e87a3c6') in 0.0241601 seconds
Number of updated asset objects reloaded before import = 0Number of asset objects unloaded after import = 132

========================================================================
Received Import Request.
  Time since last request: 9.807096 seconds.
  path: Assets/Prefabs/Menu_Dictation.prefab
  artifactKey: Guid(2b678442df6f8364a9c437b0b1b0fce4) Importer(815301076,1909f56bfc062723c751e8b465ee728b)
Start importing Assets/Prefabs/Menu_Dictation.prefab using Guid(2b678442df6f8364a9c437b0b1b0fce4) Importer(815301076,1909f56bfc062723c751e8b465ee728b) (PreviewImporter) -> (artifact id: '267a358a48f1e01379c9c00d59f8c27a') in 0.0232244 seconds
Number of updated asset objects reloaded before import = 0Number of asset objects unloaded after import = 128

========================================================================
Received Import Request.
  Time since last request: 3.404618 seconds.
  path: Assets/Prefabs/Menu_Dictation.prefab
  artifactKey: Guid(2b678442df6f8364a9c437b0b1b0fce4) Importer(815301076,1909f56bfc062723c751e8b465ee728b)
Start importing Assets/Prefabs/Menu_Dictation.prefab using Guid(2b678442df6f8364a9c437b0b1b0fce4) Importer(815301076,1909f56bfc062723c751e8b465ee728b) (PreviewImporter) -> (artifact id: 'd16b1a97786db213e4740a9a057c26cc') in 0.0242422 seconds
Number of updated asset objects reloaded before import = 0Number of asset objects unloaded after import = 128

========================================================================
Received Import Request.
  Time since last request: 1.146498 seconds.
  path: Assets/Prefabs/Menu_Dictation.prefab
  artifactKey: Guid(2b678442df6f8364a9c437b0b1b0fce4) Importer(815301076,1909f56bfc062723c751e8b465ee728b)
Start importing Assets/Prefabs/Menu_Dictation.prefab using Guid(2b678442df6f8364a9c437b0b1b0fce4) Importer(815301076,1909f56bfc062723c751e8b465ee728b) (PreviewImporter) -> (artifact id: '7ef3ebafc23a50b1a335cbb672ff0651') in 0.0229912 seconds
Number of updated asset objects reloaded before import = 0Number of asset objects unloaded after import = 128

========================================================================
Received Import Request.
  Time since last request: 0.340152 seconds.
  path: Assets/Prefabs/Menu_Dictation.prefab
  artifactKey: Guid(2b678442df6f8364a9c437b0b1b0fce4) Importer(815301076,1909f56bfc062723c751e8b465ee728b)
Start importing Assets/Prefabs/Menu_Dictation.prefab using Guid(2b678442df6f8364a9c437b0b1b0fce4) Importer(815301076,1909f56bfc062723c751e8b465ee728b) (PreviewImporter) -> (artifact id: '83da66d769617bd098998706f8d6ab68') in 0.0278258 seconds
Number of updated asset objects reloaded before import = 0Number of asset objects unloaded after import = 128

========================================================================
Received Import Request.
  Time since last request: 0.338905 seconds.
  path: Assets/Prefabs/Menu_Dictation.prefab
  artifactKey: Guid(2b678442df6f8364a9c437b0b1b0fce4) Importer(815301076,1909f56bfc062723c751e8b465ee728b)
Start importing Assets/Prefabs/Menu_Dictation.prefab using Guid(2b678442df6f8364a9c437b0b1b0fce4) Importer(815301076,1909f56bfc062723c751e8b465ee728b) (PreviewImporter) -> (artifact id: '42b8879a2db078c4f61d05a8f7f1c6a2') in 0.0268901 seconds
Number of updated asset objects reloaded before import = 0Number of asset objects unloaded after import = 128

========================================================================
Received Import Request.
  Time since last request: 2.515618 seconds.
  path: Assets/Prefabs/Menu_Dictation.prefab
  artifactKey: Guid(2b678442df6f8364a9c437b0b1b0fce4) Importer(815301076,1909f56bfc062723c751e8b465ee728b)
Start importing Assets/Prefabs/Menu_Dictation.prefab using Guid(2b678442df6f8364a9c437b0b1b0fce4) Importer(815301076,1909f56bfc062723c751e8b465ee728b) (PreviewImporter) -> (artifact id: 'd52f9fbc7f0f899c5d47485af884a745') in 0.0259295 seconds
Number of updated asset objects reloaded before import = 0Number of asset objects unloaded after import = 128

========================================================================
Received Import Request.
  Time since last request: 1.999594 seconds.
  path: Assets/Prefabs/Menu_Dictation.prefab
  artifactKey: Guid(2b678442df6f8364a9c437b0b1b0fce4) Importer(815301076,1909f56bfc062723c751e8b465ee728b)
Start importing Assets/Prefabs/Menu_Dictation.prefab using Guid(2b678442df6f8364a9c437b0b1b0fce4) Importer(815301076,1909f56bfc062723c751e8b465ee728b) (PreviewImporter) -> (artifact id: 'f7342e4aef9f668682529734b34e80eb') in 0.0253683 seconds
Number of updated asset objects reloaded before import = 0Number of asset objects unloaded after import = 128

========================================================================
Received Import Request.
  Time since last request: 5.743973 seconds.
  path: Assets/Prefabs/Menu_Dictation.prefab
  artifactKey: Guid(2b678442df6f8364a9c437b0b1b0fce4) Importer(815301076,1909f56bfc062723c751e8b465ee728b)
Start importing Assets/Prefabs/Menu_Dictation.prefab using Guid(2b678442df6f8364a9c437b0b1b0fce4) Importer(815301076,1909f56bfc062723c751e8b465ee728b) (PreviewImporter) -> (artifact id: '61533692b78583b3b473514d6f39100d') in 0.0226636 seconds
Number of updated asset objects reloaded before import = 0Number of asset objects unloaded after import = 128

========================================================================
Received Import Request.
  Time since last request: 0.920205 seconds.
  path: Assets/Prefabs/Menu_Dictation.prefab
  artifactKey: Guid(2b678442df6f8364a9c437b0b1b0fce4) Importer(815301076,1909f56bfc062723c751e8b465ee728b)
Start importing Assets/Prefabs/Menu_Dictation.prefab using Guid(2b678442df6f8364a9c437b0b1b0fce4) Importer(815301076,1909f56bfc062723c751e8b465ee728b) (PreviewImporter) -> (artifact id: '476e47606380d1aae4e6dcab67878caf') in 0.0274144 seconds
Number of updated asset objects reloaded before import = 0Number of asset objects unloaded after import = 128

========================================================================
Received Import Request.
  Time since last request: 0.313779 seconds.
  path: Assets/Prefabs/Menu_Dictation.prefab
  artifactKey: Guid(2b678442df6f8364a9c437b0b1b0fce4) Importer(815301076,1909f56bfc062723c751e8b465ee728b)
Start importing Assets/Prefabs/Menu_Dictation.prefab using Guid(2b678442df6f8364a9c437b0b1b0fce4) Importer(815301076,1909f56bfc062723c751e8b465ee728b) (PreviewImporter) -> (artifact id: '786be848a546416786460956a38e747c') in 0.0265183 seconds
Number of updated asset objects reloaded before import = 0Number of asset objects unloaded after import = 128

========================================================================
Received Import Request.
  Time since last request: 0.551278 seconds.
  path: Assets/Prefabs/Menu_Dictation.prefab
  artifactKey: Guid(2b678442df6f8364a9c437b0b1b0fce4) Importer(815301076,1909f56bfc062723c751e8b465ee728b)
Start importing Assets/Prefabs/Menu_Dictation.prefab using Guid(2b678442df6f8364a9c437b0b1b0fce4) Importer(815301076,1909f56bfc062723c751e8b465ee728b) (PreviewImporter) -> (artifact id: '8c154bd4853537635e13de5336fb99cb') in 0.0221451 seconds
Number of updated asset objects reloaded before import = 0Number of asset objects unloaded after import = 128

========================================================================
Received Import Request.
  Time since last request: 0.716136 seconds.
  path: Assets/Prefabs/Menu_Dictation.prefab
  artifactKey: Guid(2b678442df6f8364a9c437b0b1b0fce4) Importer(815301076,1909f56bfc062723c751e8b465ee728b)
Start importing Assets/Prefabs/Menu_Dictation.prefab using Guid(2b678442df6f8364a9c437b0b1b0fce4) Importer(815301076,1909f56bfc062723c751e8b465ee728b) (PreviewImporter) -> (artifact id: '377ccd38b8b922099444217c690fa7a3') in 0.0241976 seconds
Number of updated asset objects reloaded before import = 0Number of asset objects unloaded after import = 128

========================================================================
Received Import Request.
  Time since last request: 1.541967 seconds.
  path: Assets/Prefabs/Menu_Dictation.prefab
  artifactKey: Guid(2b678442df6f8364a9c437b0b1b0fce4) Importer(815301076,1909f56bfc062723c751e8b465ee728b)
Start importing Assets/Prefabs/Menu_Dictation.prefab using Guid(2b678442df6f8364a9c437b0b1b0fce4) Importer(815301076,1909f56bfc062723c751e8b465ee728b) (PreviewImporter) -> (artifact id: '90b368cab1ae82b06ea46783b32cd241') in 0.0245381 seconds
Number of updated asset objects reloaded before import = 0Number of asset objects unloaded after import = 128

========================================================================
Received Import Request.
  Time since last request: 1.391729 seconds.
  path: Assets/Prefabs/Menu_Dictation.prefab
  artifactKey: Guid(2b678442df6f8364a9c437b0b1b0fce4) Importer(815301076,1909f56bfc062723c751e8b465ee728b)
Start importing Assets/Prefabs/Menu_Dictation.prefab using Guid(2b678442df6f8364a9c437b0b1b0fce4) Importer(815301076,1909f56bfc062723c751e8b465ee728b) (PreviewImporter) -> (artifact id: 'a5a4e9e6c0977c4886240bedded01253') in 0.0219241 seconds
Number of updated asset objects reloaded before import = 0Number of asset objects unloaded after import = 128

========================================================================
Received Import Request.
  Time since last request: 1.528256 seconds.
  path: Assets/Prefabs/Menu_Dictation.prefab
  artifactKey: Guid(2b678442df6f8364a9c437b0b1b0fce4) Importer(815301076,1909f56bfc062723c751e8b465ee728b)
Start importing Assets/Prefabs/Menu_Dictation.prefab using Guid(2b678442df6f8364a9c437b0b1b0fce4) Importer(815301076,1909f56bfc062723c751e8b465ee728b) (PreviewImporter) -> (artifact id: 'cf782a805a1bd55703825276b6b6ae67') in 0.0249236 seconds
Number of updated asset objects reloaded before import = 0Number of asset objects unloaded after import = 128

========================================================================
Received Import Request.
  Time since last request: 1.558809 seconds.
  path: Assets/Prefabs/Menu_Dictation.prefab
  artifactKey: Guid(2b678442df6f8364a9c437b0b1b0fce4) Importer(815301076,1909f56bfc062723c751e8b465ee728b)
Start importing Assets/Prefabs/Menu_Dictation.prefab using Guid(2b678442df6f8364a9c437b0b1b0fce4) Importer(815301076,1909f56bfc062723c751e8b465ee728b) (PreviewImporter) -> (artifact id: '205ea06dee5d13cd264affbd09ac0626') in 0.0230993 seconds
Number of updated asset objects reloaded before import = 0Number of asset objects unloaded after import = 128

========================================================================
Received Import Request.
  Time since last request: 0.539188 seconds.
  path: Assets/Prefabs/Menu_Dictation.prefab
  artifactKey: Guid(2b678442df6f8364a9c437b0b1b0fce4) Importer(815301076,1909f56bfc062723c751e8b465ee728b)
Start importing Assets/Prefabs/Menu_Dictation.prefab using Guid(2b678442df6f8364a9c437b0b1b0fce4) Importer(815301076,1909f56bfc062723c751e8b465ee728b) (PreviewImporter) -> (artifact id: '4615b97a506e624921c16b6c48787d04') in 0.0242623 seconds
Number of updated asset objects reloaded before import = 0Number of asset objects unloaded after import = 128

========================================================================
Received Import Request.
  Time since last request: 1.349621 seconds.
  path: Assets/Prefabs/Menu_Dictation.prefab
  artifactKey: Guid(2b678442df6f8364a9c437b0b1b0fce4) Importer(815301076,1909f56bfc062723c751e8b465ee728b)
Start importing Assets/Prefabs/Menu_Dictation.prefab using Guid(2b678442df6f8364a9c437b0b1b0fce4) Importer(815301076,1909f56bfc062723c751e8b465ee728b) (PreviewImporter) -> (artifact id: 'fd8fe0c39c6a58bdd2491d60c22ade07') in 0.0228384 seconds
Number of updated asset objects reloaded before import = 0Number of asset objects unloaded after import = 128

========================================================================
Received Import Request.
  Time since last request: 0.349855 seconds.
  path: Assets/Prefabs/Menu_Dictation.prefab
  artifactKey: Guid(2b678442df6f8364a9c437b0b1b0fce4) Importer(815301076,1909f56bfc062723c751e8b465ee728b)
Start importing Assets/Prefabs/Menu_Dictation.prefab using Guid(2b678442df6f8364a9c437b0b1b0fce4) Importer(815301076,1909f56bfc062723c751e8b465ee728b) (PreviewImporter) -> (artifact id: '69f47e716daae01a03e8e00e8eb88c39') in 0.0261171 seconds
Number of updated asset objects reloaded before import = 0Number of asset objects unloaded after import = 128

========================================================================
Received Import Request.
  Time since last request: 1.333457 seconds.
  path: Assets/Prefabs/Menu_Dictation.prefab
  artifactKey: Guid(2b678442df6f8364a9c437b0b1b0fce4) Importer(815301076,1909f56bfc062723c751e8b465ee728b)
Start importing Assets/Prefabs/Menu_Dictation.prefab using Guid(2b678442df6f8364a9c437b0b1b0fce4) Importer(815301076,1909f56bfc062723c751e8b465ee728b) (PreviewImporter) -> (artifact id: '2d511ece572e9900c9f483c6fdad84ce') in 0.0232237 seconds
Number of updated asset objects reloaded before import = 0Number of asset objects unloaded after import = 128

========================================================================
Received Import Request.
  Time since last request: 4.605029 seconds.
  path: Assets/Prefabs/Menu_Dictation.prefab
  artifactKey: Guid(2b678442df6f8364a9c437b0b1b0fce4) Importer(815301076,1909f56bfc062723c751e8b465ee728b)
Start importing Assets/Prefabs/Menu_Dictation.prefab using Guid(2b678442df6f8364a9c437b0b1b0fce4) Importer(815301076,1909f56bfc062723c751e8b465ee728b) (PreviewImporter) -> (artifact id: '2a06d1fc283274889937e7664aa236ae') in 0.024079 seconds
Number of updated asset objects reloaded before import = 0Number of asset objects unloaded after import = 128

========================================================================
Received Import Request.
  Time since last request: 0.733257 seconds.
  path: Assets/Prefabs/Menu_Dictation.prefab
  artifactKey: Guid(2b678442df6f8364a9c437b0b1b0fce4) Importer(815301076,1909f56bfc062723c751e8b465ee728b)
Start importing Assets/Prefabs/Menu_Dictation.prefab using Guid(2b678442df6f8364a9c437b0b1b0fce4) Importer(815301076,1909f56bfc062723c751e8b465ee728b) (PreviewImporter) -> (artifact id: 'f5e3111966b131f0110aadad9e936384') in 0.0238478 seconds
Number of updated asset objects reloaded before import = 0Number of asset objects unloaded after import = 128

========================================================================
Received Import Request.
  Time since last request: 6.876344 seconds.
  path: Assets/Prefabs/Menu_Dictation.prefab
  artifactKey: Guid(2b678442df6f8364a9c437b0b1b0fce4) Importer(815301076,1909f56bfc062723c751e8b465ee728b)
Start importing Assets/Prefabs/Menu_Dictation.prefab using Guid(2b678442df6f8364a9c437b0b1b0fce4) Importer(815301076,1909f56bfc062723c751e8b465ee728b) (PreviewImporter) -> (artifact id: '439cff36f969f2c0d1d2729adcb06bd3') in 0.0238127 seconds
Number of updated asset objects reloaded before import = 0Number of asset objects unloaded after import = 128

========================================================================
Received Import Request.
  Time since last request: 0.321123 seconds.
  path: Assets/Prefabs/Menu_Dictation.prefab
  artifactKey: Guid(2b678442df6f8364a9c437b0b1b0fce4) Importer(815301076,1909f56bfc062723c751e8b465ee728b)
Start importing Assets/Prefabs/Menu_Dictation.prefab using Guid(2b678442df6f8364a9c437b0b1b0fce4) Importer(815301076,1909f56bfc062723c751e8b465ee728b) (PreviewImporter) -> (artifact id: '19bd1b2be88ba8ab59d8cc61596f2574') in 0.0314076 seconds
Number of updated asset objects reloaded before import = 0Number of asset objects unloaded after import = 128

========================================================================
Received Import Request.
  Time since last request: 1.753037 seconds.
  path: Assets/Prefabs/Menu_Dictation.prefab
  artifactKey: Guid(2b678442df6f8364a9c437b0b1b0fce4) Importer(815301076,1909f56bfc062723c751e8b465ee728b)
Start importing Assets/Prefabs/Menu_Dictation.prefab using Guid(2b678442df6f8364a9c437b0b1b0fce4) Importer(815301076,1909f56bfc062723c751e8b465ee728b) (PreviewImporter) -> (artifact id: '42be1f133df9d1e476f2fad7b31685f7') in 0.0249787 seconds
Number of updated asset objects reloaded before import = 0Number of asset objects unloaded after import = 128

========================================================================
Received Import Request.
  Time since last request: 3.200107 seconds.
  path: Assets/Prefabs/Menu_Dictation.prefab
  artifactKey: Guid(2b678442df6f8364a9c437b0b1b0fce4) Importer(815301076,1909f56bfc062723c751e8b465ee728b)
Start importing Assets/Prefabs/Menu_Dictation.prefab using Guid(2b678442df6f8364a9c437b0b1b0fce4) Importer(815301076,1909f56bfc062723c751e8b465ee728b) (PreviewImporter) -> (artifact id: '87b087889fd2f113c5f6f10b04277d12') in 0.0260946 seconds
Number of updated asset objects reloaded before import = 0Number of asset objects unloaded after import = 128

========================================================================
Received Import Request.
  Time since last request: 0.515756 seconds.
  path: Assets/Prefabs/Menu_Dictation.prefab
  artifactKey: Guid(2b678442df6f8364a9c437b0b1b0fce4) Importer(815301076,1909f56bfc062723c751e8b465ee728b)
Start importing Assets/Prefabs/Menu_Dictation.prefab using Guid(2b678442df6f8364a9c437b0b1b0fce4) Importer(815301076,1909f56bfc062723c751e8b465ee728b) (PreviewImporter) -> (artifact id: '909b8656e3d26d149d2619892a89d6b4') in 0.0262746 seconds
Number of updated asset objects reloaded before import = 0Number of asset objects unloaded after import = 128

========================================================================
Received Import Request.
  Time since last request: 4.970312 seconds.
  path: Assets/Prefabs/Menu_Dictation.prefab
  artifactKey: Guid(2b678442df6f8364a9c437b0b1b0fce4) Importer(815301076,1909f56bfc062723c751e8b465ee728b)
Start importing Assets/Prefabs/Menu_Dictation.prefab using Guid(2b678442df6f8364a9c437b0b1b0fce4) Importer(815301076,1909f56bfc062723c751e8b465ee728b) (PreviewImporter) -> (artifact id: 'e57ed136da868d26802e062e571e9ffb') in 0.0222534 seconds
Number of updated asset objects reloaded before import = 0Number of asset objects unloaded after import = 128

========================================================================
Received Import Request.
  Time since last request: 0.974484 seconds.
  path: Assets/Prefabs/Menu_Dictation.prefab
  artifactKey: Guid(2b678442df6f8364a9c437b0b1b0fce4) Importer(815301076,1909f56bfc062723c751e8b465ee728b)
Start importing Assets/Prefabs/Menu_Dictation.prefab using Guid(2b678442df6f8364a9c437b0b1b0fce4) Importer(815301076,1909f56bfc062723c751e8b465ee728b) (PreviewImporter) -> (artifact id: '093c0962958859133bb9d6a03d842182') in 0.0262827 seconds
Number of updated asset objects reloaded before import = 0Number of asset objects unloaded after import = 128

========================================================================
Received Import Request.
  Time since last request: 7.478468 seconds.
  path: Assets/Prefabs/Menu_Dictation.prefab
  artifactKey: Guid(2b678442df6f8364a9c437b0b1b0fce4) Importer(815301076,1909f56bfc062723c751e8b465ee728b)
Start importing Assets/Prefabs/Menu_Dictation.prefab using Guid(2b678442df6f8364a9c437b0b1b0fce4) Importer(815301076,1909f56bfc062723c751e8b465ee728b) (PreviewImporter) -> (artifact id: 'd3d831d6ef71c951b569c473208b02c4') in 0.0233343 seconds
Number of updated asset objects reloaded before import = 0Number of asset objects unloaded after import = 128

========================================================================
Received Import Request.
  Time since last request: 3.058261 seconds.
  path: Assets/Prefabs/Menu_Dictation.prefab
  artifactKey: Guid(2b678442df6f8364a9c437b0b1b0fce4) Importer(815301076,1909f56bfc062723c751e8b465ee728b)
Start importing Assets/Prefabs/Menu_Dictation.prefab using Guid(2b678442df6f8364a9c437b0b1b0fce4) Importer(815301076,1909f56bfc062723c751e8b465ee728b) (PreviewImporter) -> (artifact id: '6f6d6fa96350570e6c154e2b75c279c9') in 0.0260434 seconds
Number of updated asset objects reloaded before import = 0Number of asset objects unloaded after import = 128

========================================================================
Received Import Request.
  Time since last request: 0.952790 seconds.
  path: Assets/Prefabs/Menu_Dictation.prefab
  artifactKey: Guid(2b678442df6f8364a9c437b0b1b0fce4) Importer(815301076,1909f56bfc062723c751e8b465ee728b)
Start importing Assets/Prefabs/Menu_Dictation.prefab using Guid(2b678442df6f8364a9c437b0b1b0fce4) Importer(815301076,1909f56bfc062723c751e8b465ee728b) (PreviewImporter) -> (artifact id: '6786c7b3295aee74d2da958532891a81') in 0.0226382 seconds
Number of updated asset objects reloaded before import = 0Number of asset objects unloaded after import = 128

========================================================================
Received Import Request.
  Time since last request: 9.539087 seconds.
  path: Assets/Prefabs/Menu_Dictation.prefab
  artifactKey: Guid(2b678442df6f8364a9c437b0b1b0fce4) Importer(815301076,1909f56bfc062723c751e8b465ee728b)
Start importing Assets/Prefabs/Menu_Dictation.prefab using Guid(2b678442df6f8364a9c437b0b1b0fce4) Importer(815301076,1909f56bfc062723c751e8b465ee728b) (PreviewImporter) -> (artifact id: 'd908bd9a88d97b29e50db216ce795c12') in 0.0236714 seconds
Number of updated asset objects reloaded before import = 0Number of asset objects unloaded after import = 128

========================================================================
Received Import Request.
  Time since last request: 2.544115 seconds.
  path: Assets/Prefabs/Menu_Dictation.prefab
  artifactKey: Guid(2b678442df6f8364a9c437b0b1b0fce4) Importer(815301076,1909f56bfc062723c751e8b465ee728b)
Start importing Assets/Prefabs/Menu_Dictation.prefab using Guid(2b678442df6f8364a9c437b0b1b0fce4) Importer(815301076,1909f56bfc062723c751e8b465ee728b) (PreviewImporter) -> (artifact id: '201a8e957d1c69085f6c4ac6bbe4b50a') in 0.0256234 seconds
Number of updated asset objects reloaded before import = 0Number of asset objects unloaded after import = 128

========================================================================
Received Import Request.
  Time since last request: 6.824321 seconds.
  path: Assets/Prefabs/Menu_Dictation.prefab
  artifactKey: Guid(2b678442df6f8364a9c437b0b1b0fce4) Importer(815301076,1909f56bfc062723c751e8b465ee728b)
Start importing Assets/Prefabs/Menu_Dictation.prefab using Guid(2b678442df6f8364a9c437b0b1b0fce4) Importer(815301076,1909f56bfc062723c751e8b465ee728b) (PreviewImporter) -> (artifact id: 'f49c4fed302f3f49c4c5358c2fae6352') in 0.023129 seconds
Number of updated asset objects reloaded before import = 0Number of asset objects unloaded after import = 128

========================================================================
Received Import Request.
  Time since last request: 0.347928 seconds.
  path: Assets/Prefabs/Menu_Dictation.prefab
  artifactKey: Guid(2b678442df6f8364a9c437b0b1b0fce4) Importer(815301076,1909f56bfc062723c751e8b465ee728b)
Start importing Assets/Prefabs/Menu_Dictation.prefab using Guid(2b678442df6f8364a9c437b0b1b0fce4) Importer(815301076,1909f56bfc062723c751e8b465ee728b) (PreviewImporter) -> (artifact id: '56598f7e72242121add4aeb77a61e230') in 0.0233552 seconds
Number of updated asset objects reloaded before import = 0Number of asset objects unloaded after import = 128

========================================================================
Received Import Request.
  Time since last request: 0.535606 seconds.
  path: Assets/Prefabs/Menu_Dictation.prefab
  artifactKey: Guid(2b678442df6f8364a9c437b0b1b0fce4) Importer(815301076,1909f56bfc062723c751e8b465ee728b)
Start importing Assets/Prefabs/Menu_Dictation.prefab using Guid(2b678442df6f8364a9c437b0b1b0fce4) Importer(815301076,1909f56bfc062723c751e8b465ee728b) (PreviewImporter) -> (artifact id: '97a3aa4653c8ba10a503864bdd8dc44e') in 0.022787 seconds
Number of updated asset objects reloaded before import = 0Number of asset objects unloaded after import = 128

========================================================================
Received Import Request.
  Time since last request: 25.586067 seconds.
  path: Assets/Prefabs/Menu_Dictation.prefab
  artifactKey: Guid(2b678442df6f8364a9c437b0b1b0fce4) Importer(815301076,1909f56bfc062723c751e8b465ee728b)
Start importing Assets/Prefabs/Menu_Dictation.prefab using Guid(2b678442df6f8364a9c437b0b1b0fce4) Importer(815301076,1909f56bfc062723c751e8b465ee728b) (PreviewImporter) -> (artifact id: '62a0d6974a5c09eb47c169127dde9403') in 0.0272506 seconds
Number of updated asset objects reloaded before import = 0Number of asset objects unloaded after import = 128

========================================================================
Received Import Request.
  Time since last request: 66.574633 seconds.
  path: Assets/Scenes/Assistente_IA/VR_Basics 1.unity
  artifactKey: Guid(61f5d2d2be6281b4fb9e33a4624e26d2) Importer(815301076,1909f56bfc062723c751e8b465ee728b)
Start importing Assets/Scenes/Assistente_IA/VR_Basics 1.unity using Guid(61f5d2d2be6281b4fb9e33a4624e26d2) Importer(815301076,1909f56bfc062723c751e8b465ee728b) (PreviewImporter) -> (artifact id: 'f43baecdce74bbce157637d53f40f59e') in 0.0012838 seconds
Number of updated asset objects reloaded before import = 0Number of asset objects unloaded after import = 0

========================================================================
Received Import Request.
  Time since last request: 7.790563 seconds.
  path: Assets/Scenes/Assistente_IA/Chat_Bot.unity
  artifactKey: Guid(61f5d2d2be6281b4fb9e33a4624e26d2) Importer(815301076,1909f56bfc062723c751e8b465ee728b)
Start importing Assets/Scenes/Assistente_IA/Chat_Bot.unity using Guid(61f5d2d2be6281b4fb9e33a4624e26d2) Importer(815301076,1909f56bfc062723c751e8b465ee728b) (PreviewImporter) -> (artifact id: '89d7c805f4756b04a3fbc2c755767378') in 0.0007167 seconds
Number of updated asset objects reloaded before import = 0Number of asset objects unloaded after import = 0

========================================================================
Received Prepare
[Licensing::Client] Successfully resolved entitlement details
Begin MonoManager ReloadAssembly
[Licensing::Client] Successfully resolved entitlement details
Symbol file LoadedFromMemory is not a mono symbol file
- Loaded All Assemblies, in  1.819 seconds
Script 'CharacterController' has the same name as built-in Unity component.
AddComponent and GetComponent will not work with this script.
'Packages/com.meta.xr.sdk.core/Editor/BuildingBlocks/BlocksWindow.cs' contains partial class of Unity.Object, exactly 1 of the partial classes needs to be in a file with the same filename. This is to know the one that can be referenced from ie. GameObjects
'Packages/com.meta.xr.sdk.core/Editor/BuildingBlocks/BlocksWindowDetailsExtension.cs' contains partial class of Unity.Object, exactly 1 of the partial classes needs to be in a file with the same filename. This is to know the one that can be referenced from ie. GameObjects
'Packages/com.meta.xr.sdk.core/Editor/BuildingBlocks/BlocksWindowCollectionsPageExtension.cs' contains partial class of Unity.Object, exactly 1 of the partial classes needs to be in a file with the same filename. This is to know the one that can be referenced from ie. GameObjects
Refreshing native plugins compatible for Editor in 13.35 ms, found 12 plugins.
Native extension for LinuxStandalone target not found
Native extension for Android target not found
Native extension for UWP target not found
Native extension for WindowsStandalone target not found
Failed to load: C:/Program Files/Unity/Hub/Editor/6000.2.14f1/Editor/Data/PlaybackEngines/VisionOSPlayer\x64\UnityEditor.VisionOS.Native.dll
Native extension for VisionOS target not found
Native extension for WebGL target not found
Refreshing native plugins compatible for Editor in 17.60 ms, found 12 plugins.
[Package Manager] Failed to launch server process. Reason: Unity was launched with the -noUpm command-line argument
[Package Manager] Unable to send message (not connected to server process).
[Package Manager] Cannot connect to Unity Package Manager local server
[Package Manager] Failed to launch server process. Reason: Unity was launched with the -noUpm command-line argument
[Package Manager] Unable to send message (not connected to server process).
[Package Manager] Cannot connect to Unity Package Manager local server
System.Reflection.TargetInvocationException: Exception has been thrown by the target of an invocation. ---> System.NullReferenceException: Object reference not set to an instance of an object
  at Unity.XR.Oculus.OculusLoader.AssetPathToAbsolutePath (System.String assetPath) [0x00041] in .\Library\PackageCache\com.unity.xr.oculus@44578ba4bd45\Runtime\OculusLoader.cs:312 
  at Unity.XR.Oculus.OculusLoader.EditorLoadOVRPlugin () [0x000dd] in .\Library\PackageCache\com.unity.xr.oculus@44578ba4bd45\Runtime\OculusLoader.cs:297 
  at (wrapper managed-to-native) System.Reflection.RuntimeMethodInfo.InternalInvoke(System.Reflection.RuntimeMethodInfo,object,object[],System.Exception&)
  at System.Reflection.RuntimeMethodInfo.Invoke (System.Object obj, System.Reflection.BindingFlags invokeAttr, System.Reflection.Binder binder, System.Object[] parameters, System.Globalization.CultureInfo culture) [0x0006a] in <3272951baa974b2ab5e8de68d60bfc1e>:0 
   --- End of inner exception stack trace ---
  at System.Reflection.RuntimeMethodInfo.Invoke (System.Object obj, System.Reflection.BindingFlags invokeAttr, System.Reflection.Binder binder, System.Object[] parameters, System.Globalization.CultureInfo culture) [0x00083] in <3272951baa974b2ab5e8de68d60bfc1e>:0 
  at System.Reflection.MethodBase.Invoke (System.Object obj, System.Object[] parameters) [0x00000] in <3272951baa974b2ab5e8de68d60bfc1e>:0 
  at UnityEditor.EditorAssemblies.ProcessInitializeOnLoadMethodAttributes () [0x00087] in <a895e2991ebf4b30a4a49ce8fe561053>:0 
UnityEngine.Debug:ExtractStackTraceNoAlloc (byte*,int,string)
UnityEngine.StackTraceUtility:ExtractStackTrace ()
UnityEngine.DebugLogHandler:Internal_Log (UnityEngine.LogType,UnityEngine.LogOption,string,UnityEngine.Object)
UnityEngine.DebugLogHandler:LogFormat (UnityEngine.LogType,UnityEngine.Object,string,object[])
UnityEngine.Logger:Log (UnityEngine.LogType,object)
UnityEngine.Debug:LogError (object)
UnityEditor.EditorAssemblies:ProcessInitializeOnLoadMethodAttributes ()

The project currently uses the compatibility mode where the Render Graph API is disabled. Support for this mode will be removed in future Unity versions. Migrate existing ScriptableRenderPasses to the new RenderGraph API. After the migration, disable the compatibility mode in Edit > Projects Settings > Graphics > Render Graph.
UnityEngine.Debug:ExtractStackTraceNoAlloc (byte*,int,string)
UnityEngine.StackTraceUtility:ExtractStackTrace ()
UnityEngine.DebugLogHandler:Internal_Log (UnityEngine.LogType,UnityEngine.LogOption,string,UnityEngine.Object)
UnityEngine.DebugLogHandler:LogFormat (UnityEngine.LogType,UnityEngine.Object,string,object[])
UnityEngine.Logger:Log (UnityEngine.LogType,object)
UnityEngine.Debug:LogWarning (object)
UnityEngine.Rendering.Universal.WarnUsingNonRenderGraph:EmitConsoleWarning () (at ./Library/PackageCache/com.unity.render-pipelines.universal@8a8bcae6893e/Runtime/Data/UniversalRenderPipelineAsset.cs:432)
System.Reflection.RuntimeMethodInfo:Invoke (object,System.Reflection.BindingFlags,System.Reflection.Binder,object[],System.Globalization.CultureInfo)
System.Reflection.MethodBase:Invoke (object,object[])
UnityEditor.EditorAssemblies:ProcessInitializeOnLoadMethodAttributes ()

(Filename: ./Library/PackageCache/com.unity.render-pipelines.universal@8a8bcae6893e/Runtime/Data/UniversalRenderPipelineAsset.cs Line: 432)

Mono: successfully reloaded assembly
[Package Manager] Failed to launch server process. Reason: Unity was launched with the -noUpm command-line argument
[Package Manager] Unable to send message (not connected to server process).
[Package Manager] Cannot connect to Unity Package Manager local server
- Finished resetting the current domain, in  2.329 seconds
Domain Reload Profiling: 4145ms
	BeginReloadAssembly (525ms)
		ExecutionOrderSort (0ms)
		DisableScriptedObjects (24ms)
		BackupInstance (0ms)
		ReleaseScriptingObjects (1ms)
		CreateAndSetChildDomain (195ms)
	RebuildCommonClasses (56ms)
	RebuildNativeTypeToScriptingClass (19ms)
	initialDomainReloadingComplete (45ms)
	LoadAllAssembliesAndSetupDomain (1170ms)
		LoadAssemblies (832ms)
		RebuildTransferFunctionScriptingTraits (0ms)
		AnalyzeDomain (502ms)
			TypeCache.Refresh (13ms)
				TypeCache.ScanAssembly (0ms)
			BuildScriptInfoCaches (438ms)
			ResolveRequiredComponents (42ms)
	FinalizeReload (2330ms)
		ReleaseScriptCaches (0ms)
		RebuildScriptCaches (0ms)
		SetupLoadedEditorAssemblies (2031ms)
			LogAssemblyErrors (0ms)
			InitializePlatformSupportModulesInManaged (43ms)
			SetLoadedEditorAssemblies (16ms)
			BeforeProcessingInitializeOnLoad (541ms)
			ProcessInitializeOnLoadAttributes (1153ms)
			ProcessInitializeOnLoadMethodAttributes (265ms)
			AfterProcessingInitializeOnLoad (12ms)
			EditorAssembliesLoaded (1ms)
		ExecutionOrderSort2 (0ms)
		AwakeInstancesAfterBackupRestoration (28ms)
Shader 'Oculus/OVRMRCameraFrameLit': fallback shader 'Alpha-Diffuse' not found
Shader 'Meta/MRUK/Scene/HighlightsAndShadows': fallback shader 'Off' not found
Refreshing native plugins compatible for Editor in 22.32 ms, found 12 plugins.
Preloading 3 native plugins for Editor in 0.37 ms.
Unloading 16 Unused Serialized files (Serialized files now loaded: 0)
Unloading 9020 unused Assets / (5.7 MB). Loaded Objects now: 9830.
Memory consumption went from 181.5 MB to 175.8 MB.
Total: 32.721000 ms (FindLiveObjects: 1.777100 ms CreateObjectMapping: 2.679800 ms MarkObjects: 21.540800 ms  DeleteObjects: 6.721600 ms)

Prepare: number of updated asset objects reloaded= 0
========================================================================
Received Prepare
[Licensing::Client] Successfully resolved entitlement details
Begin MonoManager ReloadAssembly
[Licensing::Client] Successfully resolved entitlement details
Symbol file LoadedFromMemory is not a mono symbol file
- Loaded All Assemblies, in  1.512 seconds
Script 'CharacterController' has the same name as built-in Unity component.
AddComponent and GetComponent will not work with this script.
'Packages/com.meta.xr.sdk.core/Editor/BuildingBlocks/BlocksWindow.cs' contains partial class of Unity.Object, exactly 1 of the partial classes needs to be in a file with the same filename. This is to know the one that can be referenced from ie. GameObjects
'Packages/com.meta.xr.sdk.core/Editor/BuildingBlocks/BlocksWindowDetailsExtension.cs' contains partial class of Unity.Object, exactly 1 of the partial classes needs to be in a file with the same filename. This is to know the one that can be referenced from ie. GameObjects
'Packages/com.meta.xr.sdk.core/Editor/BuildingBlocks/BlocksWindowCollectionsPageExtension.cs' contains partial class of Unity.Object, exactly 1 of the partial classes needs to be in a file with the same filename. This is to know the one that can be referenced from ie. GameObjects
Refreshing native plugins compatible for Editor in 11.80 ms, found 12 plugins.
Native extension for LinuxStandalone target not found
Native extension for Android target not found
Native extension for UWP target not found
Native extension for WindowsStandalone target not found
Failed to load: C:/Program Files/Unity/Hub/Editor/6000.2.14f1/Editor/Data/PlaybackEngines/VisionOSPlayer\x64\UnityEditor.VisionOS.Native.dll
Native extension for VisionOS target not found
Native extension for WebGL target not found
Refreshing native plugins compatible for Editor in 10.34 ms, found 12 plugins.
[Package Manager] Failed to launch server process. Reason: Unity was launched with the -noUpm command-line argument
[Package Manager] Unable to send message (not connected to server process).
[Package Manager] Cannot connect to Unity Package Manager local server
[Package Manager] Failed to launch server process. Reason: Unity was launched with the -noUpm command-line argument
[Package Manager] Unable to send message (not connected to server process).
[Package Manager] Cannot connect to Unity Package Manager local server
System.Reflection.TargetInvocationException: Exception has been thrown by the target of an invocation. ---> System.NullReferenceException: Object reference not set to an instance of an object
  at Unity.XR.Oculus.OculusLoader.AssetPathToAbsolutePath (System.String assetPath) [0x00041] in .\Library\PackageCache\com.unity.xr.oculus@44578ba4bd45\Runtime\OculusLoader.cs:312 
  at Unity.XR.Oculus.OculusLoader.EditorLoadOVRPlugin () [0x000dd] in .\Library\PackageCache\com.unity.xr.oculus@44578ba4bd45\Runtime\OculusLoader.cs:297 
  at (wrapper managed-to-native) System.Reflection.RuntimeMethodInfo.InternalInvoke(System.Reflection.RuntimeMethodInfo,object,object[],System.Exception&)
  at System.Reflection.RuntimeMethodInfo.Invoke (System.Object obj, System.Reflection.BindingFlags invokeAttr, System.Reflection.Binder binder, System.Object[] parameters, System.Globalization.CultureInfo culture) [0x0006a] in <3272951baa974b2ab5e8de68d60bfc1e>:0 
   --- End of inner exception stack trace ---
  at System.Reflection.RuntimeMethodInfo.Invoke (System.Object obj, System.Reflection.BindingFlags invokeAttr, System.Reflection.Binder binder, System.Object[] parameters, System.Globalization.CultureInfo culture) [0x00083] in <3272951baa974b2ab5e8de68d60bfc1e>:0 
  at System.Reflection.MethodBase.Invoke (System.Object obj, System.Object[] parameters) [0x00000] in <3272951baa974b2ab5e8de68d60bfc1e>:0 
  at UnityEditor.EditorAssemblies.ProcessInitializeOnLoadMethodAttributes () [0x00087] in <a895e2991ebf4b30a4a49ce8fe561053>:0 
UnityEngine.Debug:ExtractStackTraceNoAlloc (byte*,int,string)
UnityEngine.StackTraceUtility:ExtractStackTrace ()
UnityEngine.DebugLogHandler:Internal_Log (UnityEngine.LogType,UnityEngine.LogOption,string,UnityEngine.Object)
UnityEngine.DebugLogHandler:LogFormat (UnityEngine.LogType,UnityEngine.Object,string,object[])
UnityEngine.Logger:Log (UnityEngine.LogType,object)
UnityEngine.Debug:LogError (object)
UnityEditor.EditorAssemblies:ProcessInitializeOnLoadMethodAttributes ()

The project currently uses the compatibility mode where the Render Graph API is disabled. Support for this mode will be removed in future Unity versions. Migrate existing ScriptableRenderPasses to the new RenderGraph API. After the migration, disable the compatibility mode in Edit > Projects Settings > Graphics > Render Graph.
UnityEngine.Debug:ExtractStackTraceNoAlloc (byte*,int,string)
UnityEngine.StackTraceUtility:ExtractStackTrace ()
UnityEngine.DebugLogHandler:Internal_Log (UnityEngine.LogType,UnityEngine.LogOption,string,UnityEngine.Object)
UnityEngine.DebugLogHandler:LogFormat (UnityEngine.LogType,UnityEngine.Object,string,object[])
UnityEngine.Logger:Log (UnityEngine.LogType,object)
UnityEngine.Debug:LogWarning (object)
UnityEngine.Rendering.Universal.WarnUsingNonRenderGraph:EmitConsoleWarning () (at ./Library/PackageCache/com.unity.render-pipelines.universal@8a8bcae6893e/Runtime/Data/UniversalRenderPipelineAsset.cs:432)
System.Reflection.RuntimeMethodInfo:Invoke (object,System.Reflection.BindingFlags,System.Reflection.Binder,object[],System.Globalization.CultureInfo)
System.Reflection.MethodBase:Invoke (object,object[])
UnityEditor.EditorAssemblies:ProcessInitializeOnLoadMethodAttributes ()

(Filename: ./Library/PackageCache/com.unity.render-pipelines.universal@8a8bcae6893e/Runtime/Data/UniversalRenderPipelineAsset.cs Line: 432)

Mono: successfully reloaded assembly
[Package Manager] Failed to launch server process. Reason: Unity was launched with the -noUpm command-line argument
[Package Manager] Unable to send message (not connected to server process).
[Package Manager] Cannot connect to Unity Package Manager local server
- Finished resetting the current domain, in  1.986 seconds
Domain Reload Profiling: 3493ms
	BeginReloadAssembly (352ms)
		ExecutionOrderSort (0ms)
		DisableScriptedObjects (12ms)
		BackupInstance (0ms)
		ReleaseScriptingObjects (0ms)
		CreateAndSetChildDomain (103ms)
	RebuildCommonClasses (61ms)
	RebuildNativeTypeToScriptingClass (22ms)
	initialDomainReloadingComplete (44ms)
	LoadAllAssembliesAndSetupDomain (1028ms)
		LoadAssemblies (755ms)
		RebuildTransferFunctionScriptingTraits (0ms)
		AnalyzeDomain (422ms)
			TypeCache.Refresh (10ms)
				TypeCache.ScanAssembly (0ms)
			BuildScriptInfoCaches (371ms)
			ResolveRequiredComponents (32ms)
	FinalizeReload (1987ms)
		ReleaseScriptCaches (0ms)
		RebuildScriptCaches (0ms)
		SetupLoadedEditorAssemblies (1697ms)
			LogAssemblyErrors (0ms)
			InitializePlatformSupportModulesInManaged (37ms)
			SetLoadedEditorAssemblies (15ms)
			BeforeProcessingInitializeOnLoad (468ms)
			ProcessInitializeOnLoadAttributes (953ms)
			ProcessInitializeOnLoadMethodAttributes (216ms)
			AfterProcessingInitializeOnLoad (7ms)
			EditorAssembliesLoaded (1ms)
		ExecutionOrderSort2 (0ms)
		AwakeInstancesAfterBackupRestoration (23ms)
Shader 'Oculus/OVRMRCameraFrameLit': fallback shader 'Alpha-Diffuse' not found
Shader 'Meta/MRUK/Scene/HighlightsAndShadows': fallback shader 'Off' not found
Refreshing native plugins compatible for Editor in 10.43 ms, found 12 plugins.
Preloading 3 native plugins for Editor in 0.24 ms.
Unloading 16 Unused Serialized files (Serialized files now loaded: 0)
Unloading 9016 unused Assets / (5.3 MB). Loaded Objects now: 9834.
Memory consumption went from 181.5 MB to 176.1 MB.
Total: 14.947100 ms (FindLiveObjects: 1.059300 ms CreateObjectMapping: 1.730300 ms MarkObjects: 8.637900 ms  DeleteObjects: 3.518700 ms)

Prepare: number of updated asset objects reloaded= 0
========================================================================
Received Import Request.
  Time since last request: 144.890078 seconds.
  path: Assets/Prefabs/Menu_Dictation.prefab
  artifactKey: Guid(2b678442df6f8364a9c437b0b1b0fce4) Importer(815301076,1909f56bfc062723c751e8b465ee728b)
Start importing Assets/Prefabs/Menu_Dictation.prefab using Guid(2b678442df6f8364a9c437b0b1b0fce4) Importer(815301076,1909f56bfc062723c751e8b465ee728b) (PreviewImporter) -> (artifact id: '4f415bc37da65293b93b6dbc3caee703') in 0.1654191 seconds
Number of updated asset objects reloaded before import = 0Number of asset objects unloaded after import = 128

========================================================================
Received Import Request.
  Time since last request: 3.104191 seconds.
  path: Assets/Prefabs/Menu_Dictation.prefab
  artifactKey: Guid(2b678442df6f8364a9c437b0b1b0fce4) Importer(815301076,1909f56bfc062723c751e8b465ee728b)
Start importing Assets/Prefabs/Menu_Dictation.prefab using Guid(2b678442df6f8364a9c437b0b1b0fce4) Importer(815301076,1909f56bfc062723c751e8b465ee728b) (PreviewImporter) -> (artifact id: '1e3b8be9f7bea8c2056aea82be227a65') in 0.0258594 seconds
Number of updated asset objects reloaded before import = 0Number of asset objects unloaded after import = 128

========================================================================
Received Import Request.
  Time since last request: 18.164350 seconds.
  path: Assets/Prefabs/Menu_Dictation.prefab
  artifactKey: Guid(2b678442df6f8364a9c437b0b1b0fce4) Importer(815301076,1909f56bfc062723c751e8b465ee728b)
Start importing Assets/Prefabs/Menu_Dictation.prefab using Guid(2b678442df6f8364a9c437b0b1b0fce4) Importer(815301076,1909f56bfc062723c751e8b465ee728b) (PreviewImporter) -> (artifact id: '5d04de9c0621d3068ae19a6a9389a9e5') in 0.0242431 seconds
Number of updated asset objects reloaded before import = 0Number of asset objects unloaded after import = 128

========================================================================
Received Import Request.
  Time since last request: 2.580881 seconds.
  path: Assets/Prefabs/Menu_Dictation.prefab
  artifactKey: Guid(2b678442df6f8364a9c437b0b1b0fce4) Importer(815301076,1909f56bfc062723c751e8b465ee728b)
Start importing Assets/Prefabs/Menu_Dictation.prefab using Guid(2b678442df6f8364a9c437b0b1b0fce4) Importer(815301076,1909f56bfc062723c751e8b465ee728b) (PreviewImporter) -> (artifact id: '84ac0f9a5cdb4859e3c873d6ec1d63b4') in 0.0258431 seconds
Number of updated asset objects reloaded before import = 0Number of asset objects unloaded after import = 128

========================================================================
Received Import Request.
  Time since last request: 1.122943 seconds.
  path: Assets/Prefabs/Menu_Dictation.prefab
  artifactKey: Guid(2b678442df6f8364a9c437b0b1b0fce4) Importer(815301076,1909f56bfc062723c751e8b465ee728b)
Start importing Assets/Prefabs/Menu_Dictation.prefab using Guid(2b678442df6f8364a9c437b0b1b0fce4) Importer(815301076,1909f56bfc062723c751e8b465ee728b) (PreviewImporter) -> (artifact id: 'a1ec0b3064aafd17cacbb20953caa60b') in 0.0263911 seconds
Number of updated asset objects reloaded before import = 0Number of asset objects unloaded after import = 128

========================================================================
Received Import Request.
  Time since last request: 5.014334 seconds.
  path: Assets/Prefabs/Menu_Dictation.prefab
  artifactKey: Guid(2b678442df6f8364a9c437b0b1b0fce4) Importer(815301076,1909f56bfc062723c751e8b465ee728b)
Start importing Assets/Prefabs/Menu_Dictation.prefab using Guid(2b678442df6f8364a9c437b0b1b0fce4) Importer(815301076,1909f56bfc062723c751e8b465ee728b) (PreviewImporter) -> (artifact id: '2cda1918b54e3afad57a6bc02783b357') in 0.0243941 seconds
Number of updated asset objects reloaded before import = 0Number of asset objects unloaded after import = 128

========================================================================
Received Import Request.
  Time since last request: 0.130733 seconds.
  path: Assets/Prefabs/Menu_Dictation.prefab
  artifactKey: Guid(2b678442df6f8364a9c437b0b1b0fce4) Importer(815301076,1909f56bfc062723c751e8b465ee728b)
Start importing Assets/Prefabs/Menu_Dictation.prefab using Guid(2b678442df6f8364a9c437b0b1b0fce4) Importer(815301076,1909f56bfc062723c751e8b465ee728b) (PreviewImporter) -> (artifact id: '2121f5cde8e81ecfbbbc50654d202da2') in 0.0253671 seconds
Number of updated asset objects reloaded before import = 0Number of asset objects unloaded after import = 128

========================================================================
Received Import Request.
  Time since last request: 0.915008 seconds.
  path: Assets/Prefabs/Menu_Dictation.prefab
  artifactKey: Guid(2b678442df6f8364a9c437b0b1b0fce4) Importer(815301076,1909f56bfc062723c751e8b465ee728b)
Start importing Assets/Prefabs/Menu_Dictation.prefab using Guid(2b678442df6f8364a9c437b0b1b0fce4) Importer(815301076,1909f56bfc062723c751e8b465ee728b) (PreviewImporter) -> (artifact id: 'b254e44f767a3b54db3618d66aa1aa23') in 0.0253082 seconds
Number of updated asset objects reloaded before import = 0Number of asset objects unloaded after import = 128

========================================================================
Received Import Request.
  Time since last request: 14.098197 seconds.
  path: Assets/Prefabs/Menu_Dictation.prefab
  artifactKey: Guid(2b678442df6f8364a9c437b0b1b0fce4) Importer(815301076,1909f56bfc062723c751e8b465ee728b)
Start importing Assets/Prefabs/Menu_Dictation.prefab using Guid(2b678442df6f8364a9c437b0b1b0fce4) Importer(815301076,1909f56bfc062723c751e8b465ee728b) (PreviewImporter) -> (artifact id: '1e9c3a0a436f0bc11a073b3e488443cc') in 0.0255321 seconds
Number of updated asset objects reloaded before import = 0Number of asset objects unloaded after import = 128

========================================================================
Received Import Request.
  Time since last request: 3.166417 seconds.
  path: Assets/Prefabs/Menu_Dictation.prefab
  artifactKey: Guid(2b678442df6f8364a9c437b0b1b0fce4) Importer(815301076,1909f56bfc062723c751e8b465ee728b)
Start importing Assets/Prefabs/Menu_Dictation.prefab using Guid(2b678442df6f8364a9c437b0b1b0fce4) Importer(815301076,1909f56bfc062723c751e8b465ee728b) (PreviewImporter) -> (artifact id: '3dac9da5bba4112edeee8fa5adbd007a') in 0.0236644 seconds
Number of updated asset objects reloaded before import = 0Number of asset objects unloaded after import = 128

========================================================================
Received Import Request.
  Time since last request: 2.753023 seconds.
  path: Assets/Prefabs/Menu_Dictation.prefab
  artifactKey: Guid(2b678442df6f8364a9c437b0b1b0fce4) Importer(815301076,1909f56bfc062723c751e8b465ee728b)
Start importing Assets/Prefabs/Menu_Dictation.prefab using Guid(2b678442df6f8364a9c437b0b1b0fce4) Importer(815301076,1909f56bfc062723c751e8b465ee728b) (PreviewImporter) -> (artifact id: '7f7226497b13b0d2626c5de88a6892d0') in 0.0247491 seconds
Number of updated asset objects reloaded before import = 0Number of asset objects unloaded after import = 128

========================================================================
Received Import Request.
  Time since last request: 7.557524 seconds.
  path: Assets/Prefabs/Menu_Dictation.prefab
  artifactKey: Guid(2b678442df6f8364a9c437b0b1b0fce4) Importer(815301076,1909f56bfc062723c751e8b465ee728b)
Start importing Assets/Prefabs/Menu_Dictation.prefab using Guid(2b678442df6f8364a9c437b0b1b0fce4) Importer(815301076,1909f56bfc062723c751e8b465ee728b) (PreviewImporter) -> (artifact id: 'dd0d8c2573f23d4164e3dffbf4fb0a34') in 0.0248587 seconds
Number of updated asset objects reloaded before import = 0Number of asset objects unloaded after import = 128

========================================================================
Received Import Request.
  Time since last request: 5.198021 seconds.
  path: Assets/Prefabs/Menu_Dictation.prefab
  artifactKey: Guid(2b678442df6f8364a9c437b0b1b0fce4) Importer(815301076,1909f56bfc062723c751e8b465ee728b)
Start importing Assets/Prefabs/Menu_Dictation.prefab using Guid(2b678442df6f8364a9c437b0b1b0fce4) Importer(815301076,1909f56bfc062723c751e8b465ee728b) (PreviewImporter) -> (artifact id: '83b2e07fc65da8a63e00cab4980d1dd4') in 0.031881 seconds
Number of updated asset objects reloaded before import = 0Number of asset objects unloaded after import = 128

========================================================================
Received Import Request.
  Time since last request: 1.121878 seconds.
  path: Assets/Prefabs/Menu_Dictation.prefab
  artifactKey: Guid(2b678442df6f8364a9c437b0b1b0fce4) Importer(815301076,1909f56bfc062723c751e8b465ee728b)
Start importing Assets/Prefabs/Menu_Dictation.prefab using Guid(2b678442df6f8364a9c437b0b1b0fce4) Importer(815301076,1909f56bfc062723c751e8b465ee728b) (PreviewImporter) -> (artifact id: 'ecfc2bdd4df9ed8cf6afa89257a42389') in 0.0253843 seconds
Number of updated asset objects reloaded before import = 0Number of asset objects unloaded after import = 128

========================================================================
Received Import Request.
  Time since last request: 11.541484 seconds.
  path: Assets/Prefabs/Menu_Dictation.prefab
  artifactKey: Guid(2b678442df6f8364a9c437b0b1b0fce4) Importer(815301076,1909f56bfc062723c751e8b465ee728b)
Start importing Assets/Prefabs/Menu_Dictation.prefab using Guid(2b678442df6f8364a9c437b0b1b0fce4) Importer(815301076,1909f56bfc062723c751e8b465ee728b) (PreviewImporter) -> (artifact id: 'cbddc5794e7ef8f73e83ecd961e0d240') in 0.026737 seconds
Number of updated asset objects reloaded before import = 0Number of asset objects unloaded after import = 128

========================================================================
Received Import Request.
  Time since last request: 3.020157 seconds.
  path: Assets/Prefabs/Menu_Dictation.prefab
  artifactKey: Guid(2b678442df6f8364a9c437b0b1b0fce4) Importer(815301076,1909f56bfc062723c751e8b465ee728b)
Start importing Assets/Prefabs/Menu_Dictation.prefab using Guid(2b678442df6f8364a9c437b0b1b0fce4) Importer(815301076,1909f56bfc062723c751e8b465ee728b) (PreviewImporter) -> (artifact id: '209a83911301cf253c6a383522e62985') in 0.0284175 seconds
Number of updated asset objects reloaded before import = 0Number of asset objects unloaded after import = 128

========================================================================
Received Import Request.
  Time since last request: 1.963544 seconds.
  path: Assets/Prefabs/Menu_Dictation.prefab
  artifactKey: Guid(2b678442df6f8364a9c437b0b1b0fce4) Importer(815301076,1909f56bfc062723c751e8b465ee728b)
Start importing Assets/Prefabs/Menu_Dictation.prefab using Guid(2b678442df6f8364a9c437b0b1b0fce4) Importer(815301076,1909f56bfc062723c751e8b465ee728b) (PreviewImporter) -> (artifact id: '7a40bb3c251bc41142198a200b238b71') in 0.0295565 seconds
Number of updated asset objects reloaded before import = 0Number of asset objects unloaded after import = 128

========================================================================
Received Import Request.
  Time since last request: 4.784699 seconds.
  path: Assets/Prefabs/Menu_Dictation.prefab
  artifactKey: Guid(2b678442df6f8364a9c437b0b1b0fce4) Importer(815301076,1909f56bfc062723c751e8b465ee728b)
Start importing Assets/Prefabs/Menu_Dictation.prefab using Guid(2b678442df6f8364a9c437b0b1b0fce4) Importer(815301076,1909f56bfc062723c751e8b465ee728b) (PreviewImporter) -> (artifact id: '9032ae050b0ade1079bde2185bc2ac84') in 0.0235591 seconds
Number of updated asset objects reloaded before import = 0Number of asset objects unloaded after import = 128

========================================================================
Received Import Request.
  Time since last request: 2.521572 seconds.
  path: Assets/Prefabs/Menu_Dictation.prefab
  artifactKey: Guid(2b678442df6f8364a9c437b0b1b0fce4) Importer(815301076,1909f56bfc062723c751e8b465ee728b)
Start importing Assets/Prefabs/Menu_Dictation.prefab using Guid(2b678442df6f8364a9c437b0b1b0fce4) Importer(815301076,1909f56bfc062723c751e8b465ee728b) (PreviewImporter) -> (artifact id: '4e459bec738f27bc415fcb4b4e2aa013') in 0.0255884 seconds
Number of updated asset objects reloaded before import = 0Number of asset objects unloaded after import = 128

========================================================================
Received Import Request.
  Time since last request: 2.374958 seconds.
  path: Assets/Prefabs/Menu_Dictation.prefab
  artifactKey: Guid(2b678442df6f8364a9c437b0b1b0fce4) Importer(815301076,1909f56bfc062723c751e8b465ee728b)
Start importing Assets/Prefabs/Menu_Dictation.prefab using Guid(2b678442df6f8364a9c437b0b1b0fce4) Importer(815301076,1909f56bfc062723c751e8b465ee728b) (PreviewImporter) -> (artifact id: '27fe035b0aa421ba2d991d08530d0a89') in 0.0245233 seconds
Number of updated asset objects reloaded before import = 0Number of asset objects unloaded after import = 128

========================================================================
Received Import Request.
  Time since last request: 2.952514 seconds.
  path: Assets/Prefabs/Menu_Dictation.prefab
  artifactKey: Guid(2b678442df6f8364a9c437b0b1b0fce4) Importer(815301076,1909f56bfc062723c751e8b465ee728b)
Start importing Assets/Prefabs/Menu_Dictation.prefab using Guid(2b678442df6f8364a9c437b0b1b0fce4) Importer(815301076,1909f56bfc062723c751e8b465ee728b) (PreviewImporter) -> (artifact id: '160c636377cc9c1bc91c6e0cb96b65d2') in 0.0230532 seconds
Number of updated asset objects reloaded before import = 0Number of asset objects unloaded after import = 128

========================================================================
Received Import Request.
  Time since last request: 3.411360 seconds.
  path: Assets/Prefabs/Menu_Dictation.prefab
  artifactKey: Guid(2b678442df6f8364a9c437b0b1b0fce4) Importer(815301076,1909f56bfc062723c751e8b465ee728b)
Start importing Assets/Prefabs/Menu_Dictation.prefab using Guid(2b678442df6f8364a9c437b0b1b0fce4) Importer(815301076,1909f56bfc062723c751e8b465ee728b) (PreviewImporter) -> (artifact id: 'e4417619f511f64c1e8849aecc4c90e6') in 0.0297554 seconds
Number of updated asset objects reloaded before import = 0Number of asset objects unloaded after import = 128

========================================================================
Received Import Request.
  Time since last request: 1.771208 seconds.
  path: Assets/Prefabs/Menu_Dictation.prefab
  artifactKey: Guid(2b678442df6f8364a9c437b0b1b0fce4) Importer(815301076,1909f56bfc062723c751e8b465ee728b)
Start importing Assets/Prefabs/Menu_Dictation.prefab using Guid(2b678442df6f8364a9c437b0b1b0fce4) Importer(815301076,1909f56bfc062723c751e8b465ee728b) (PreviewImporter) -> (artifact id: 'dfbf98060f4d09088fe883fcf213abd8') in 0.024678 seconds
Number of updated asset objects reloaded before import = 0Number of asset objects unloaded after import = 128

========================================================================
Received Import Request.
  Time since last request: 0.522537 seconds.
  path: Assets/Prefabs/Menu_Dictation.prefab
  artifactKey: Guid(2b678442df6f8364a9c437b0b1b0fce4) Importer(815301076,1909f56bfc062723c751e8b465ee728b)
Start importing Assets/Prefabs/Menu_Dictation.prefab using Guid(2b678442df6f8364a9c437b0b1b0fce4) Importer(815301076,1909f56bfc062723c751e8b465ee728b) (PreviewImporter) -> (artifact id: '16a3901d55f247788f89b550e55dd2a4') in 0.0263479 seconds
Number of updated asset objects reloaded before import = 0Number of asset objects unloaded after import = 128

========================================================================
Received Import Request.
  Time since last request: 0.638515 seconds.
  path: Assets/Prefabs/Menu_Dictation.prefab
  artifactKey: Guid(2b678442df6f8364a9c437b0b1b0fce4) Importer(815301076,1909f56bfc062723c751e8b465ee728b)
Start importing Assets/Prefabs/Menu_Dictation.prefab using Guid(2b678442df6f8364a9c437b0b1b0fce4) Importer(815301076,1909f56bfc062723c751e8b465ee728b) (PreviewImporter) -> (artifact id: 'dfae24fc60844dc39751fc69accf6484') in 0.0256259 seconds
Number of updated asset objects reloaded before import = 0Number of asset objects unloaded after import = 128

========================================================================
Received Import Request.
  Time since last request: 1.764170 seconds.
  path: Assets/Prefabs/Menu_Dictation.prefab
  artifactKey: Guid(2b678442df6f8364a9c437b0b1b0fce4) Importer(815301076,1909f56bfc062723c751e8b465ee728b)
Start importing Assets/Prefabs/Menu_Dictation.prefab using Guid(2b678442df6f8364a9c437b0b1b0fce4) Importer(815301076,1909f56bfc062723c751e8b465ee728b) (PreviewImporter) -> (artifact id: '137709f0df10327e46cc0b60f00d59c1') in 0.024614 seconds
Number of updated asset objects reloaded before import = 0Number of asset objects unloaded after import = 128

========================================================================
Received Import Request.
  Time since last request: 0.329255 seconds.
  path: Assets/Prefabs/Menu_Dictation.prefab
  artifactKey: Guid(2b678442df6f8364a9c437b0b1b0fce4) Importer(815301076,1909f56bfc062723c751e8b465ee728b)
Start importing Assets/Prefabs/Menu_Dictation.prefab using Guid(2b678442df6f8364a9c437b0b1b0fce4) Importer(815301076,1909f56bfc062723c751e8b465ee728b) (PreviewImporter) -> (artifact id: 'a6edb6b443686d0303aef2d45573e13a') in 0.0259328 seconds
Number of updated asset objects reloaded before import = 0Number of asset objects unloaded after import = 128

========================================================================
Received Import Request.
  Time since last request: 5.590278 seconds.
  path: Assets/Prefabs/Menu_Dictation.prefab
  artifactKey: Guid(2b678442df6f8364a9c437b0b1b0fce4) Importer(815301076,1909f56bfc062723c751e8b465ee728b)
Start importing Assets/Prefabs/Menu_Dictation.prefab using Guid(2b678442df6f8364a9c437b0b1b0fce4) Importer(815301076,1909f56bfc062723c751e8b465ee728b) (PreviewImporter) -> (artifact id: 'c3d77cf8e6d814210b293328dcfd5193') in 0.0239869 seconds
Number of updated asset objects reloaded before import = 0Number of asset objects unloaded after import = 128

========================================================================
Received Import Request.
  Time since last request: 0.751655 seconds.
  path: Assets/Prefabs/Menu_Dictation.prefab
  artifactKey: Guid(2b678442df6f8364a9c437b0b1b0fce4) Importer(815301076,1909f56bfc062723c751e8b465ee728b)
Start importing Assets/Prefabs/Menu_Dictation.prefab using Guid(2b678442df6f8364a9c437b0b1b0fce4) Importer(815301076,1909f56bfc062723c751e8b465ee728b) (PreviewImporter) -> (artifact id: 'a4eb6e022693a1c009b7885408f05067') in 0.0242356 seconds
Number of updated asset objects reloaded before import = 0Number of asset objects unloaded after import = 128

========================================================================
Received Import Request.
  Time since last request: 3.158695 seconds.
  path: Assets/Prefabs/Menu_Dictation.prefab
  artifactKey: Guid(2b678442df6f8364a9c437b0b1b0fce4) Importer(815301076,1909f56bfc062723c751e8b465ee728b)
Start importing Assets/Prefabs/Menu_Dictation.prefab using Guid(2b678442df6f8364a9c437b0b1b0fce4) Importer(815301076,1909f56bfc062723c751e8b465ee728b) (PreviewImporter) -> (artifact id: '69a8b97394d9fe0d369902a8d045df5f') in 0.0302848 seconds
Number of updated asset objects reloaded before import = 0Number of asset objects unloaded after import = 128

========================================================================
Received Import Request.
  Time since last request: 0.922522 seconds.
  path: Assets/Prefabs/Menu_Dictation.prefab
  artifactKey: Guid(2b678442df6f8364a9c437b0b1b0fce4) Importer(815301076,1909f56bfc062723c751e8b465ee728b)
Start importing Assets/Prefabs/Menu_Dictation.prefab using Guid(2b678442df6f8364a9c437b0b1b0fce4) Importer(815301076,1909f56bfc062723c751e8b465ee728b) (PreviewImporter) -> (artifact id: 'a09033e9bef4624185e081a53bc43536') in 0.0248469 seconds
Number of updated asset objects reloaded before import = 0Number of asset objects unloaded after import = 128

========================================================================
Received Import Request.
  Time since last request: 1.361318 seconds.
  path: Assets/Prefabs/Menu_Dictation.prefab
  artifactKey: Guid(2b678442df6f8364a9c437b0b1b0fce4) Importer(815301076,1909f56bfc062723c751e8b465ee728b)
Start importing Assets/Prefabs/Menu_Dictation.prefab using Guid(2b678442df6f8364a9c437b0b1b0fce4) Importer(815301076,1909f56bfc062723c751e8b465ee728b) (PreviewImporter) -> (artifact id: '80accf18ecb709aefcae121e8559c3b8') in 0.0272122 seconds
Number of updated asset objects reloaded before import = 0Number of asset objects unloaded after import = 128

========================================================================
Received Import Request.
  Time since last request: 8.756056 seconds.
  path: Assets/Prefabs/Menu_Dictation.prefab
  artifactKey: Guid(2b678442df6f8364a9c437b0b1b0fce4) Importer(815301076,1909f56bfc062723c751e8b465ee728b)
Start importing Assets/Prefabs/Menu_Dictation.prefab using Guid(2b678442df6f8364a9c437b0b1b0fce4) Importer(815301076,1909f56bfc062723c751e8b465ee728b) (PreviewImporter) -> (artifact id: '01f3b6d4ca7074a9f9758c8fad7196bd') in 0.0264885 seconds
Number of updated asset objects reloaded before import = 0Number of asset objects unloaded after import = 128

========================================================================
Received Import Request.
  Time since last request: 1.932666 seconds.
  path: Assets/Prefabs/Menu_Dictation.prefab
  artifactKey: Guid(2b678442df6f8364a9c437b0b1b0fce4) Importer(815301076,1909f56bfc062723c751e8b465ee728b)
Start importing Assets/Prefabs/Menu_Dictation.prefab using Guid(2b678442df6f8364a9c437b0b1b0fce4) Importer(815301076,1909f56bfc062723c751e8b465ee728b) (PreviewImporter) -> (artifact id: 'c4b68e641eb55f2ff5d2fc61b3a81a92') in 0.0266914 seconds
Number of updated asset objects reloaded before import = 0Number of asset objects unloaded after import = 128

========================================================================
Received Import Request.
  Time since last request: 1.587183 seconds.
  path: Assets/Prefabs/Menu_Dictation.prefab
  artifactKey: Guid(2b678442df6f8364a9c437b0b1b0fce4) Importer(815301076,1909f56bfc062723c751e8b465ee728b)
Start importing Assets/Prefabs/Menu_Dictation.prefab using Guid(2b678442df6f8364a9c437b0b1b0fce4) Importer(815301076,1909f56bfc062723c751e8b465ee728b) (PreviewImporter) -> (artifact id: '42e4622e88e28328c0b1c56db2e92ce4') in 0.023931 seconds
Number of updated asset objects reloaded before import = 0Number of asset objects unloaded after import = 128

========================================================================
Received Prepare
[Licensing::Client] Successfully resolved entitlement details
Begin MonoManager ReloadAssembly
[Licensing::Client] Successfully resolved entitlement details
Symbol file LoadedFromMemory is not a mono symbol file
- Loaded All Assemblies, in  1.532 seconds
Script 'CharacterController' has the same name as built-in Unity component.
AddComponent and GetComponent will not work with this script.
'Packages/com.meta.xr.sdk.core/Editor/BuildingBlocks/BlocksWindow.cs' contains partial class of Unity.Object, exactly 1 of the partial classes needs to be in a file with the same filename. This is to know the one that can be referenced from ie. GameObjects
'Packages/com.meta.xr.sdk.core/Editor/BuildingBlocks/BlocksWindowDetailsExtension.cs' contains partial class of Unity.Object, exactly 1 of the partial classes needs to be in a file with the same filename. This is to know the one that can be referenced from ie. GameObjects
'Packages/com.meta.xr.sdk.core/Editor/BuildingBlocks/BlocksWindowCollectionsPageExtension.cs' contains partial class of Unity.Object, exactly 1 of the partial classes needs to be in a file with the same filename. This is to know the one that can be referenced from ie. GameObjects
Refreshing native plugins compatible for Editor in 12.05 ms, found 12 plugins.
Native extension for LinuxStandalone target not found
Native extension for Android target not found
Native extension for UWP target not found
Native extension for WindowsStandalone target not found
Failed to load: C:/Program Files/Unity/Hub/Editor/6000.2.14f1/Editor/Data/PlaybackEngines/VisionOSPlayer\x64\UnityEditor.VisionOS.Native.dll
Native extension for VisionOS target not found
Native extension for WebGL target not found
Refreshing native plugins compatible for Editor in 11.15 ms, found 12 plugins.
[Package Manager] Failed to launch server process. Reason: Unity was launched with the -noUpm command-line argument
[Package Manager] Unable to send message (not connected to server process).
[Package Manager] Cannot connect to Unity Package Manager local server
[Package Manager] Failed to launch server process. Reason: Unity was launched with the -noUpm command-line argument
[Package Manager] Unable to send message (not connected to server process).
[Package Manager] Cannot connect to Unity Package Manager local server
System.Reflection.TargetInvocationException: Exception has been thrown by the target of an invocation. ---> System.NullReferenceException: Object reference not set to an instance of an object
  at Unity.XR.Oculus.OculusLoader.AssetPathToAbsolutePath (System.String assetPath) [0x00041] in .\Library\PackageCache\com.unity.xr.oculus@44578ba4bd45\Runtime\OculusLoader.cs:312 
  at Unity.XR.Oculus.OculusLoader.EditorLoadOVRPlugin () [0x000dd] in .\Library\PackageCache\com.unity.xr.oculus@44578ba4bd45\Runtime\OculusLoader.cs:297 
  at (wrapper managed-to-native) System.Reflection.RuntimeMethodInfo.InternalInvoke(System.Reflection.RuntimeMethodInfo,object,object[],System.Exception&)
  at System.Reflection.RuntimeMethodInfo.Invoke (System.Object obj, System.Reflection.BindingFlags invokeAttr, System.Reflection.Binder binder, System.Object[] parameters, System.Globalization.CultureInfo culture) [0x0006a] in <3272951baa974b2ab5e8de68d60bfc1e>:0 
   --- End of inner exception stack trace ---
  at System.Reflection.RuntimeMethodInfo.Invoke (System.Object obj, System.Reflection.BindingFlags invokeAttr, System.Reflection.Binder binder, System.Object[] parameters, System.Globalization.CultureInfo culture) [0x00083] in <3272951baa974b2ab5e8de68d60bfc1e>:0 
  at System.Reflection.MethodBase.Invoke (System.Object obj, System.Object[] parameters) [0x00000] in <3272951baa974b2ab5e8de68d60bfc1e>:0 
  at UnityEditor.EditorAssemblies.ProcessInitializeOnLoadMethodAttributes () [0x00087] in <a895e2991ebf4b30a4a49ce8fe561053>:0 
UnityEngine.Debug:ExtractStackTraceNoAlloc (byte*,int,string)
UnityEngine.StackTraceUtility:ExtractStackTrace ()
UnityEngine.DebugLogHandler:Internal_Log (UnityEngine.LogType,UnityEngine.LogOption,string,UnityEngine.Object)
UnityEngine.DebugLogHandler:LogFormat (UnityEngine.LogType,UnityEngine.Object,string,object[])
UnityEngine.Logger:Log (UnityEngine.LogType,object)
UnityEngine.Debug:LogError (object)
UnityEditor.EditorAssemblies:ProcessInitializeOnLoadMethodAttributes ()

The project currently uses the compatibility mode where the Render Graph API is disabled. Support for this mode will be removed in future Unity versions. Migrate existing ScriptableRenderPasses to the new RenderGraph API. After the migration, disable the compatibility mode in Edit > Projects Settings > Graphics > Render Graph.
UnityEngine.Debug:ExtractStackTraceNoAlloc (byte*,int,string)
UnityEngine.StackTraceUtility:ExtractStackTrace ()
UnityEngine.DebugLogHandler:Internal_Log (UnityEngine.LogType,UnityEngine.LogOption,string,UnityEngine.Object)
UnityEngine.DebugLogHandler:LogFormat (UnityEngine.LogType,UnityEngine.Object,string,object[])
UnityEngine.Logger:Log (UnityEngine.LogType,object)
UnityEngine.Debug:LogWarning (object)
UnityEngine.Rendering.Universal.WarnUsingNonRenderGraph:EmitConsoleWarning () (at ./Library/PackageCache/com.unity.render-pipelines.universal@8a8bcae6893e/Runtime/Data/UniversalRenderPipelineAsset.cs:432)
System.Reflection.RuntimeMethodInfo:Invoke (object,System.Reflection.BindingFlags,System.Reflection.Binder,object[],System.Globalization.CultureInfo)
System.Reflection.MethodBase:Invoke (object,object[])
UnityEditor.EditorAssemblies:ProcessInitializeOnLoadMethodAttributes ()

(Filename: ./Library/PackageCache/com.unity.render-pipelines.universal@8a8bcae6893e/Runtime/Data/UniversalRenderPipelineAsset.cs Line: 432)

Mono: successfully reloaded assembly
[Package Manager] Failed to launch server process. Reason: Unity was launched with the -noUpm command-line argument
[Package Manager] Unable to send message (not connected to server process).
[Package Manager] Cannot connect to Unity Package Manager local server
- Finished resetting the current domain, in  1.921 seconds
Domain Reload Profiling: 3449ms
	BeginReloadAssembly (350ms)
		ExecutionOrderSort (0ms)
		DisableScriptedObjects (18ms)
		BackupInstance (0ms)
		ReleaseScriptingObjects (0ms)
		CreateAndSetChildDomain (91ms)
	RebuildCommonClasses (59ms)
	RebuildNativeTypeToScriptingClass (24ms)
	initialDomainReloadingComplete (45ms)
	LoadAllAssembliesAndSetupDomain (1050ms)
		LoadAssemblies (745ms)
		RebuildTransferFunctionScriptingTraits (0ms)
		AnalyzeDomain (452ms)
			TypeCache.Refresh (12ms)
				TypeCache.ScanAssembly (0ms)
			BuildScriptInfoCaches (394ms)
			ResolveRequiredComponents (37ms)
	FinalizeReload (1922ms)
		ReleaseScriptCaches (0ms)
		RebuildScriptCaches (0ms)
		SetupLoadedEditorAssemblies (1649ms)
			LogAssemblyErrors (0ms)
			InitializePlatformSupportModulesInManaged (37ms)
			SetLoadedEditorAssemblies (16ms)
			BeforeProcessingInitializeOnLoad (433ms)
			ProcessInitializeOnLoadAttributes (943ms)
			ProcessInitializeOnLoadMethodAttributes (214ms)
			AfterProcessingInitializeOnLoad (7ms)
			EditorAssembliesLoaded (1ms)
		ExecutionOrderSort2 (0ms)
		AwakeInstancesAfterBackupRestoration (23ms)
Shader 'Oculus/OVRMRCameraFrameLit': fallback shader 'Alpha-Diffuse' not found
Shader 'Meta/MRUK/Scene/HighlightsAndShadows': fallback shader 'Off' not found
Refreshing native plugins compatible for Editor in 13.08 ms, found 12 plugins.
Preloading 3 native plugins for Editor in 0.30 ms.
Unloading 16 Unused Serialized files (Serialized files now loaded: 0)
Unloading 9018 unused Assets / (5.8 MB). Loaded Objects now: 9838.
Memory consumption went from 181.5 MB to 175.7 MB.
Total: 18.775800 ms (FindLiveObjects: 1.195800 ms CreateObjectMapping: 2.080600 ms MarkObjects: 10.688000 ms  DeleteObjects: 4.809800 ms)

Prepare: number of updated asset objects reloaded= 0
